-- phpMyAdmin SQL Dump
-- version 5.0.2
-- https://www.phpmyadmin.net/
--
-- Máy chủ: 127.0.0.1:3306
-- Thời gian đã tạo: Th12 24, 2021 lúc 12:59 AM
-- Phiên bản máy phục vụ: 5.7.31
-- Phiên bản PHP: 7.3.21

SET SQL_MODE = "NO_AUTO_VALUE_ON_ZERO";
START TRANSACTION;
SET time_zone = "+00:00";


/*!40101 SET @OLD_CHARACTER_SET_CLIENT=@@CHARACTER_SET_CLIENT */;
/*!40101 SET @OLD_CHARACTER_SET_RESULTS=@@CHARACTER_SET_RESULTS */;
/*!40101 SET @OLD_COLLATION_CONNECTION=@@COLLATION_CONNECTION */;
/*!40101 SET NAMES utf8mb4 */;

--
-- Cơ sở dữ liệu: `nhom4`
--

-- --------------------------------------------------------

--
-- Cấu trúc bảng cho bảng `admin`
--

DROP TABLE IF EXISTS `admin`;
CREATE TABLE IF NOT EXISTS `admin` (
  `Admin_id` int(11) NOT NULL AUTO_INCREMENT,
  `Username` varchar(50) COLLATE utf8_unicode_ci NOT NULL,
  `Password` varchar(50) COLLATE utf8_unicode_ci NOT NULL,
  PRIMARY KEY (`Admin_id`)
) ENGINE=MyISAM AUTO_INCREMENT=2 DEFAULT CHARSET=utf8 COLLATE=utf8_unicode_ci;

--
-- Đang đổ dữ liệu cho bảng `admin`
--

INSERT INTO `admin` (`Admin_id`, `Username`, `Password`) VALUES
(1, 'Admin', '2f64e219bedf9356b2a666e5a000fd6d');

-- --------------------------------------------------------

--
-- Cấu trúc bảng cho bảng `manufactures`
--

DROP TABLE IF EXISTS `manufactures`;
CREATE TABLE IF NOT EXISTS `manufactures` (
  `manu_id` int(11) NOT NULL AUTO_INCREMENT,
  `manu_name` varchar(100) COLLATE utf8_unicode_ci DEFAULT NULL,
  PRIMARY KEY (`manu_id`)
) ENGINE=MyISAM AUTO_INCREMENT=19 DEFAULT CHARSET=utf8 COLLATE=utf8_unicode_ci;

--
-- Đang đổ dữ liệu cho bảng `manufactures`
--

INSERT INTO `manufactures` (`manu_id`, `manu_name`) VALUES
(1, 'Apple'),
(2, 'Samsung'),
(3, 'Xiaomi'),
(4, 'Oppo'),
(5, 'LG'),
(6, 'Lenovo'),
(7, 'Huawei'),
(18, 'nhom4');

-- --------------------------------------------------------

--
-- Cấu trúc bảng cho bảng `products`
--

DROP TABLE IF EXISTS `products`;
CREATE TABLE IF NOT EXISTS `products` (
  `id` int(11) NOT NULL AUTO_INCREMENT,
  `name` varchar(100) COLLATE utf8_unicode_ci DEFAULT NULL,
  `manu_id` int(11) DEFAULT NULL,
  `type_id` int(11) DEFAULT NULL,
  `price` int(11) NOT NULL,
  `image` varchar(150) COLLATE utf8_unicode_ci DEFAULT NULL,
  `description` text COLLATE utf8_unicode_ci NOT NULL,
  `feature` tinyint(4) NOT NULL,
  `created_at` timestamp NOT NULL DEFAULT CURRENT_TIMESTAMP,
  PRIMARY KEY (`id`)
) ENGINE=MyISAM AUTO_INCREMENT=85 DEFAULT CHARSET=utf8 COLLATE=utf8_unicode_ci;

--
-- Đang đổ dữ liệu cho bảng `products`
--

INSERT INTO `products` (`id`, `name`, `manu_id`, `type_id`, `price`, `image`, `description`, `feature`, `created_at`) VALUES
(1, 'Laptop Apple MacBook MacBook Pro 16 M1 Max 2021 10 Core cpu', 1, 2, 90990000, 'apple-macbook-pro-16-m1-pro-2021-10-core-cpu-600x600.jpg', 'MacBook Pro 2021 với những cải tiến vượt bậc về mặt hiệu năng, hứa hẹn giúp người dùng có trải nghiệm mượt mà trong các tác vụ nặng như chỉnh sửa hình ảnh phức tạp, render video,... hướng đến đối tượng người dùng có nhu cầu sản xuất, sáng tạo nội dung, kỹ thuật, côn nghệ chuyên nghiệp.\r\nCon chip Apple M1 Max mang một sức mạnh siêu cấp với cấu trúc 10 nhân và tốc độ băng trong lên đến 400 GB/s memory bandwidth cho hiệu suất của Apple nhanh hơn khoảng 70% so với thế hệ tiền nhiệm Apple M1, từ đó mang lại cho bạn một tốc độ xử lý đáng kinh ngạc giúp giải quyết tốt từ các công việc văn phòng cơ bản đến phức tạp trên các phần mềm Office 365 cũng như đồ họa chuyên nghiệp trên Figma, Photoshop, AI, Pr, AutoCAD,...\r\nTích hợp với bộ CPU hiện đại trên là card đồ họa GPU 32 nhân cho hiệu suất nhanh hơn gấp 4 lần so với M1, năng cao khả năng xử lý đồ họa, thoả mãn niềm đam mê sáng tạo cho bạn, thiết kế 2D, 3D hiệu quả, render video tuyệt vời, đồng thời tiết kiệm điện năng đáng kể, thấp hơn 70% so với chip 8 nhân của PC/laptop.Bộ nhớ RAM 32 GB đa nhiệm cực mượt mà, tăng tốc độ truy xuất dữ liệu, giảm thời gian chờ, mọi thao tác được phản hồi tức thời, bạn có thể dễ dàng mở nhiều phần mềm thiết kế để chỉnh sửa nhiều tệp hình ảnh phức tạp vừa render', 1, '2021-11-07 06:48:17'),
(2, 'Laptop Apple MacBook MacBook Pro 14 M1 Pro 2021 10 core cpu 1 1', 1, 2, 64990000, 'apple-macbook-pro-14-m1-pro-2021-10-core-cpu-1-1-600x600.jpg', 'Apple MacBook Pro 14 inch M1 Pro 2021 gây ấn tượng mạnh khi mang trên mình vẻ ngoài có nhiều cải tiến mới, độc đáo và cuốn hút mọi ánh nhìn cùng hiệu năng mạnh mẽ, đỉnh cao đến từ con chip M1 Pro hiện đại, đáp ứng tối ưu nhu cầu sử dụng cho giới công nghệ, kỹ thuật cũng như cá nhà sáng tạo nội dung chuyên nghiệp.MacBook Pro 14 inch M1 Pro 2021 sở hữu bộ CPU Apple M1 Pro cấu trúc 10 nhân mang một sức mạnh hiệu năng vô cùng mạnh mẽ được sản xuất dựa trên tiến trình là 5 nm, có tận 33.7 tỷ bóng bán dẫn đạt tốc độ băng thông lên đến 200GB/s memory bandwidth cho hiệu suất của Apple nhanh hơn khoảng 70% so với thế hệ tiền nhiệm Apple M1, từ đó đem lại cho bạn một tốc độ xử lý đáng kinh ngạc giúp giải quyết tốt từ các công việc văn phòng cơ bản đến phức tạp trên các phần mềm Office 365 cũng như đồ họa chuyên nghiệp trên Figma, Photoshop, AI, Pr, AutoCAD,... Bên cạnh đó, card đồ họa 16 core-GPU hiệu suất nhanh hơn nhanh hơn M1 tới 2 lần và nhanh hơn 7 lần so với đồ họa tích hợp trên chip máy tính xách tay PC 8 lõi mới ra mắt, năng cao khả năng xử lý đồ họa, cho bạn thoả mãn niềm đam mê sáng tạo, thiết kế hình ảnh 2D, 3D hiệu quả cũng như render video hoàn hảo, đồng thời tiết kiệm điện năng đáng kể. RAM 16 GB khả năng đa nhiệm siêu mượt cùng lúc nhiều tác vụ nặng, tăng tốc độ truy xuất dữ liệu, giảm thời gian chờ, bạn có thể dễ dàng thực hiện thiết kế, chỉnh sửa nhiều tệp hình ảnh nặng với hàng loạt layer cũng như render video phức tạp mà không cần lo máy bị giật lag. Ổ cứng SSD 1 TB cung cấp dung lượng bộ nhớ rộng lớn, thoải mái để bạn lưu trữ tài liệu cá nhân, kho hình ảnh, video sáng tạo của bản thân và hàng loạt bộ phim hấp dẫn, các tựa game giải trí mà bạn yêu thích, đồng thời mở video 8K ngay lập tức hoặc lưu trữ hàng trăm ảnh RAW cùng một lúc.', 1, '2021-11-07 06:48:17'),
(3, 'Điện thoại Samsung Galaxy A52s 5G ', 2, 1, 10990000, 'samsung-galaxy-a52s-5g-mint-600x600.jpg', 'Samsung Galaxy A52s tiếp tục sử dụng ngôn ngữ thiết kế nguyên khối theo phong cách trẻ trung với các tuỳ chọn màu sắc như: Đen, trắng, tím và xanh mint. Máy sử dụng màn hình nốt ruồi Super AMOLED kích thước 6.5 inch, độ phân giải Full HD+ cùng thiết kế tràn viền giúp mở rộng tối đa không gian hiển thị. Từ đó người dùng có thể thoải mái tận hưởng những chương trình giải trí cực kỳ hấp dẫn. Máy hỗ trợ tần số quét 120 Hz cùng tấm nền chất lượng giúp mọi trải nghiệm vuốt chạm trên máy được trở nên mượt mà, giúp mọi hình ảnh, thước phim trên điện thoại đều được hiển thị tươi tắn và vô cùng sắc nét. Samsung A52s 5G được tăng cường bảo mật với cảm biến vân tay được thiết kế đặt ngay dưới màn hình, giúp bạn có thể mở khóa điện thoại hay đăng nhập dễ dàng bằng vân tay mà không cần nhập mật khẩu. Bên cạnh đó Galaxy A52s còn sở hữu hệ thống âm thanh vòm với vị trí phân bổ loa vô cùng khoa học giúp bạn có thể thoải mái trải nghiệm những tựa game hay là tận hưởng những phút giây giải trí khi xem phim với chất âm cực đã. Ngoài ra, Galaxy A52s cũng được chứng nhận IP67 về khả năng kháng nước, bụi, có thể sống sót ở độ sâu 1 mét trong 30 phút người dùng có thể thoải mái trải nghiệm trong mọi điều kiện thời tiết và môi trường khác nhau.  Điểm nâng cấp đáng giá nhất của chiếc Samsung Galaxy A52s 5G là sử dụng một bộ vi xử lý mới của nhà Qualcomm mang tên Snapdragon 778G, được sản xuất trên tiến trình 6 nm cho hiệu năng mạnh hơn khoảng 25 - 30% so với người tiền nhiệm. Kết hợp với đó là RAM 8 GB giúp bạn thực hiện tác vụ đa nhiệm được tốt hơn và mượt mà hơn, cùng bộ giao diện OneUI mới nhiều tính năng đem đến người dùng trải nghiệm sử dụng tốt nhất.', 0, '2021-11-07 06:27:03'),
(4, 'Laptop Lenovo YOGA Slim 7 Carbon 13ITL5 i5 1135G7/16GB/512GB/Win10', 6, 2, 28590000, 'yog-600x400.jpg', 'Với trọng lượng chỉ 0.966 kg, Lenovo YOGA đem lại cho người dùng một cảm giác cực kỳ mới lạ và thú vị bởi cân nặng siêu nhẹ đáng kinh ngạc của chiếc laptop này. Cộng thêm vào đó là độ mỏng chỉ 15 mm mang cho bạn cảm giác thoải mái và nhẹ nhàng, dễ dàng xách đi bất cứ đâu. Với chất liệu bằng Carbon ở mặt lưng đem đến cho laptop một khả năng chống sốc, cực kỳ bền bỉ và đạt tiêu chuẩn độ bền quân đội MIL-STD-810G sau khi vượt qua đến 9 cấp độ thử nghiệm. Bàn phím gõ êm ái, cảm giác gõ chính xác và thoải mái. Ngoài việc trang bị đèn nền thì Lenovo còn tích hợp 2 chế độ sáng, cho bạn có thể tùy chỉnh theo thực trạng ánh sáng của môi trường, một mặt khác còn có thể tiết kiệm điện năng hơn.  Không chỉ đem lại thiết kế gọn nhẹ, Lenovo YOGA Slim 7 Carbon 13ITL5 i5 còn đáp ứng tốt các cổng kết nối hiện đại hiện nay, phục vụ hoàn hảo cho công việc của bạn bao gồm 2 cổng Thunderbolt 4 USB-C, USB Type-C có khả năng kết nối với thiết bị khác, truyền dữ liệu, xuất hình Display Port 1.4 và sạc nhanh, hết sức đa năng. Bên cạnh đó máy còn được 2 chuẩn kết nối không dây Wi-Fi 6 AX201 và Bluetooth v5.0 hiện đại mang đến tốc độ kết nối Internet ổn định ngay cả ở nơi công cộng. Ngoài ra, Lenovo YOGA Slim 7 còn đem đến cho người dùng 1 adapter chuyển đổi từ cổng Type-C sang cổng VGA, HDMI và USB 3.0 giúp bạn kết nối thuận tiện và dễ dàng hơn với các thiết bị khác nhưng vẫn giữ được hình ảnh chất lượng cao. Được trang bị cấu hình chip Intel Core i5 Tiger Lake 1135G7 sản xuất trên tiến trình 10 nm tiên tiến, con chip thế hệ thứ 11 này mang đến một xung nhịp cơ sở là 2.4 GHz và được ép xung lên tối đa tới 4.2 GHz. ', 1, '2021-11-08 11:14:41'),
(5, 'Điện thoại Xiaomi 11T white 5G 128GB AMOLED', 3, 1, 10490000, 'xiaomi-11t-white-1-2-600x600.jpg', 'Xiaomi trang bị cho 11T 3 camera sau gồm camera chính độ phân giải 108 MP, camera góc rộng 8 MP 120 độ và camera telemacro 5 MP cùng hệ thống phần cứng tối tân được trang bị bên trong cực kỳ ấn tượng. Chỉ cần giơ máy lên chụp là bạn đã có những bức ảnh sắc nét đáng kinh ngạc, khả năng thu phóng cũng cực tốt, cho bạn chụp được rõ từng chi tiết dù đối tượng ở khá xa. Chụp phong cảnh, ảnh nhóm dễ dàng nhờ camera góc rộng 120 độ. Chụp ảnh với camera telemacro giúp bạn khám phá một thế giới thu nhỏ đầy thú vị, với tiêu điểm khoảng 3 - 7 cm dễ dàng quan sát được các vật thể nhỏ như giọt sương trên ngọn cỏ, cánh bướm,...Chế độ chụp đêm không dừng lại ở việc đẩy sáng cho khung hình mà còn giúp khử nhiễu, cân bằng độ tương phản cho vùng sáng tối càng thêm chân thật để cho ra những tác phẩm tuyệt hảo. Xiaomi 11T cho phép biến những khoảnh khắc trong cuộc sống hằng ngày của bạn thành những thước phim điện ảnh vô cùng độc đáo. Nhiều hiệu ứng quay chuyên nghiệp được hỗ trợ như Audio Zoom, Magic Zoom, Time Freeze,... và nhanh chóng chuyển đổi chỉ với một lần chạm. Thiết bị mang đến trải nghiệm điện ảnh đỉnh cao từ chụp ảnh tuyệt đẹp, hình ảnh sống động đến quay phim như ở studio - hoàn hảo để chia sẻ và trải nghiệm những câu chuyện quan trọng đối với bạn. Camera trước 16 MP tích hợp đầy đủ các tính năng từ xóa phông, selfie ban đêm đến làm đẹp giúp những tấm ảnh của bạn luôn tươi tắn mà không cần chỉnh sửa quá nhiều.', 1, '2021-11-08 06:29:43'),
(6, 'Điện thoại OPPO Reno5 Trắng Reno Series', 4, 1, 8690000, 'oppo-reno5-trang-600x600-1-600x600.jpg', 'Có thể nói OPPO Reno5 là mẫu điện thoại phô diễn được đỉnh cao thiết kế và công nghệ chế tác của OPPO khi bề mặt lưng được phủ lớp Reno Glow với ngàn tinh thể phát sáng siêu nhỏ tạo nên hiệu ứng chuyển sắc vô cùng hút mắt. Mặt trước OPPO Reno5 cũng ấn tượng không kém với màn hình tràn viền được làm cong nhẹ 2.5D. Hai bên cạnh viền siêu mỏng, thiết kế camera đục lỗ giúp không gian hiển thị được mở rộng tối đa. Các góc cạnh của OPPO Reno5 cũng được bo cong mềm mại về 2 phía bên cạnh của máy giúp máy nhìn trông mỏng hơn và tạo sự dễ chịu mỗi khi cầm sử dụng. Reno5 được OPPO ưu ái trang bị vi xử lý Snapdragon 720G, hậu tố “G” phía sau Snapdragon 720 ý muốn nói đây là dòng chip chuyên game đi kèm tính năng Elite Gaming của Qualcomm. Không phải bàn về hiệu năng của Snapdragon 720G, khi đây là vi xử lý chuyên chơi game với những nâng cấp ấn tượng về xung nhịp lẫn khả năng đồ họa, hứa hẹn mang đến trải nghiệm game đỉnh cao. Bên cạnh đó, OPPO Reno5 còn chiếm ưu thế về lưu trữ và đa nhiệm khi trang bị RAM 8 GB tốc độ LPDDR4x cùng bộ nhớ trong 128 GB UFS 2.1, OPPO Reno5 vẫn dư sức cho bạn thoải mái cài đặt ứng dụng, lưu trữ ảnh, nhạc, video, đáp ứng đủ nhu cầu lưu trữ của bạn. Qua phần đánh giá hiệu năng Antutu, OPPO Reno5 đạt được 287.975 điểm, với số điểm này dễ dàng giúp máy chiến hầu hết các tựa game từ nhẹ đến nặng một cách mượt mà, ổn định. Màn hình chính là điểm cộng giúp cho Reno5 vượt trội trong tầm giá, khi tích hợp tần số quét 90 Hz và tốc độ lấy mẫu cảm ứng 180 Hz, mang đến độ mượt mà trong trải nghiệm vuốt chạm hàng ngày và cảm ứng siêu nhạy không độ trễ khi chơi game.', 1, '2021-11-08 06:33:13'),
(7, 'Laptop Apple MacBook Air M1 2020 8GB/512GB/8-core GPU', 1, 2, 34990000, 'macbook-air-m1-2020-gold-600x600.jpg', 'Tôn lên vẻ cá tính, sang trọng, laptop được bọc bởi một lớp kim loại nguyên khối cùng với những đường nét trang nhã, tinh tế. Hơn thế nữa, với trọng lượng khá nhẹ chỉ 1.29 kg và độ mỏng từ 4.1 mm đến 16.1 mm có thể dễ dàng mang theo, chiếc laptop này sẽ là người bạn đồng hành cùng bạn mọi lúc mọi nơi như đi công tác, đi học, đi họp,...Công nghệ cảm biến vân tay được MacBook tích hợp gọn gàng trên bàn phím, chỉ với một chạm bạn sẽ dễ dàng mở khoá máy tính, đăng nhập tài khoản,... đồng thời bảo mật được dữ liệu quan trọng trong công việc hay các tài khoản các nhân trên máy, tránh người lạ xâm nhập. Ngoài ra, Macbook M1 còn được tích hợp đèn bàn phím không chỉ mang lại sự thẩm mỹ cao mà còn giúp người dùng sử dụng ngay cả trong điều kiện thiếu sáng một cách tiện lợi. Tuy mỏng nhẹ nhưng MacBook Air vẫn trang bị 2 cổng Thunderbolt 3 (USB-C) cho phép bạn kết nối dễ dàng với các thiết bị ngoại vi, màn hình và máy chiếu, chia sẻ dữ liệu cũng đơn giản hơn thông qua các cổng. Các chuẩn kết nối không dây Wi-Fi 6-802.11ax, Bluetooth v5.0 hỗ trợ đường truyền tín hiệu ổn định hơn, kết nối nhanh hơn, tránh xảy ra lỗi khi thao tác. Sở hữu loại chip đầu tiên được trang bị dành riêng cho MAC dựa trên cấu trúc ARM là Apple M1, với bộ vi xử lý 8 lõi và kiến trúc 5 nm, M1 mang đến hiệu suất CPU nhanh hơn 3.5 lần, 8 nhân GPU nhanh hơn 5 lần so với thế hệ trước. 8 lõi CPU của M1 có 4 lõi hiệu suất cao và 4 lõi tiết kiệm điện, nhờ vậy laptop xử lý tuyệt vời các thao tác văn phòng qua các phần mềm như Word, Excel,... Không chỉ vậy, bạn còn thao tác được các thiết kế đồ hoạ ổn định, kết xuất 2D tiện lợi.', 1, '2021-11-07 06:42:20'),
(8, ' 1165G7/16GB/1TB SSD/Win10', 5, 2, 54890000, 'lg-gram-17-i7-17z90pgah78a5-3-600x600.jpg', 'Chiếc laptop này được trang bị chip Intel Core i7 Tiger Lake với đồ họa tích hợp Intel Iris Xe nâng cao hiệu suất làm việc văn phòng, mang đến khả năng tạo nội dung trên các phần mềm thiết kế, khả năng chơi game cũng mượt hơn. Tốc độ xung nhịp 2.80 GHz đạt tối đa Turbo Boost 4.7 GHz xử lý gọn gàng các tác vụ từ nhẹ cho tới nặng trên các ứng dụng như: Photoshop, AI, Premiere,... truy xuất file có độ phân giải lên đến 8K thật nhanh chóng.  Sử dụng RAM 16 GB LPDDR4X cho khả năng đa nhiệm mượt mà, đảm bảo tác vụ hoạt động trôi chảy, không lo ngại máy giật, lag khi mở nhiều ứng dụng cùng lúc. Ổ cứng SSD cho tốc độ khởi động máy và chạy phần mềm cực kỳ nhanh chóng chỉ trong vài giây. Giúp máy hoạt động êm ái, mát hơn khi sử dụng và lượng điện năng tiêu hao cũng ít hơn. Bên cạnh đó, dung lượng lên đến 1 TB bạn có thể lưu trữ thoải mái các tệp tin, hình ảnh hay video,... Máy còn hỗ trợ 1 khe cắm SSD M.2 PCIe để bạn có thể tự nâng cấp khi cần. Chiếc máy này đã đạt chứng nhận Intel Evo đảm bảo cho bạn về mặt hiệu năng, để đạt được chứng nhận này thì máy cần có vẻ ngoài mỏng nhẹ, sử dụng chip từ Core i5 Gen 11 trở lên, thời lượng pin trên 9 tiếng, công nghệ sạc nhanh và phải vượt qua một số bài kiểm tra về khả năng xử lý tác vụ khắt khe,...Laptop LG có phong cách thiết kế thanh lịch, mang tính di động cao máy chỉ mỏng 17.8 mm và nhẹ 1.35 kg bạn hoàn toàn có thể cầm máy chỉ bằng một tay, vỏ của laptop được làm từ hợp kim Nano Carbon - Magie có độ bền cao. Độ bền đạt tiêu chuẩn quân sự MIL-STD-810G bạn có thể yên tâm sử dụng máy ở những môi trường khắc nghiệt mà không lo tuổi thọ của máy sẽ bị giảm.', 1, '2021-11-07 06:51:41'),
(9, 'Laptop LG Gram 14 2021 i7 14z90pgah75a5 1165G7/16GB/512GB/Win 10', 5, 2, 47890000, 'lg-gram-14-i7-14z90pgah75a5-0-600x600.jpg', 'Laptop LG Gram mang kiểu dáng thanh lịch và đậm tính di động chỉ mỏng 16.8 mm và nhẹ 999 gram được làm từ hợp kim Nano Carbon - Magie, dễ dàng di chuyển hội họp hay siêu tiện lợi khi mang đi công tác xa. Với lớp vỏ ngoài bằng nguyên liệu đặc biệt như vậy cùng đạt tiêu chuẩn độ bền quân sự Mỹ MIL-STD-810G tiên tiến, nâng cao sự bền bỉ với thời gian, tạo khách hàng sự yên tâm trong quá trình trải nghiệm, hạn chế hư hỏng bởi va đập hàng ngày. Máy được trang bị cảm biến vân tay tích hợp trên nút nguồn giúp bạn mở máy chỉ với một chạm an toàn nhanh chóng và tiết kiệm thời gian hơn so với đăng nhập bằng mật khẩu trước đây.  Ngoài ra, LG Gram 2021 còn hỗ trợ đầy đủ các cổng kết nối đa dạng cho chiếc laptop này bao gồm 2 cổng Thunderbolt 4 USB-C vừa sạc vừa truyền dữ liệu, có tốc độ truyền tải dữ liệu tối đa là 40 Gbps, xuất màn hình lên đến chất lượng 8K, 2 USB 3.2, cổng HDMI, jack tai nghe 3.5 mm và khe thẻ Micro SD. Chuẩn kết nối không dây Bluetooth 5.1, Wi-Fi 6 (802.11ax) định hướng chùm sóng, bạn có thể yên tâm làm việc và giải trí mà không lo tình trạng bị ngắt kết nối. Laptop LG sở hữu chip Intel Core i7 1165G7 thế hệ 11 có tốc độ xung nhịp trung bình 2.80 GHz đạt tối đa Turbo Boost 4.7 GHz nâng cao hiệu suất làm việc văn phòng, mang đến khả năng tạo nội dung trên các phần mềm thiết kế và tốc độ chơi game cũng nhanh hơn, đáp ứng mạnh mẽ được nhu cầu của các dân văn phòng hoặc doanh nhân. Bên cạnh đó, việc tích hợp với card đồ họa Intel Iris Xe Graphics có khả năng thiết kế và xây dựng những tệp phức tạp và chi tiết một cách ấn tượng, xuất tệp 4K nhanh chóng, mang đến chất lượng hình ảnh sắc nét đáng kinh ngạc khi xem phim, giải trí.', 0, '2021-11-07 06:56:13'),
(10, 'Máy tính bảng Samsung Galaxy Tab S7 FE 4G', 2, 3, 13990000, 'samsung-galaxy-tab-s7-fe-green-600x600.jpg', 'Galaxy Tab S7 FE sẽ khiến bạn choáng ngợp với dụng lượng pin cực khủng 10090 mAh đảm bảo cho cường độ làm việc, giải trí liên tục trong nhiều giờ liền. Theo công bố từ Samsung, với dung lượng lớn này giúp cho Galaxy Tab S7 FE có thể dùng lên tới 12 giờ lướt web với mạng LTE và 13 giờ xem video trực tuyến qua wifi. Bên cạnh đó, thời gian sạc cũng được rút ngắn đáng kể khi máy hỗ trợ sạc nhanh công suất tối đa lên đến 45 W, tuy nhiên để sạc với tốc độ này bạn cần mua củ sạc phù hợp vì sạc kèm theo máy chỉ 15 W. Galaxy Tab S7 FE có một phiên bản màn hình duy nhất với kích thước lớn 12.4 inch, phần viền bao quanh được thu nhỏ, tạo nên không gian rộng rãi, thoải mái cho bạn làm việc hay giải trí. Màn hình của máy có độ phân giải 1600 x 2560 pixel đảm bảo cho chất lượng hình ảnh sắc nét trên màn hình lớn. Màn hình lớn giúp các nội dung giải trí được hiển thị tối ưu khi cầm máy ở cả chiều ngang hay dọc, cho bạn trải nghiệm chơi game và xem phim tuyệt vời nhất. Galaxy Tab S7 FE vẫn sử dụng thiết kế vát thẳng mạnh mẽ ở phần cạnh viền tương tự Galaxy Tab S7. Tuy vậy, cảm giác cầm S7 FE vẫn rất tốt, các góc cạnh đều đã được xử lý mềm mại hơn, để không gây bất kỳ sự khó chịu hay cấn tay khi cầm. Thân máy được hoàn thiện nguyên khối, được gia công bề mặt vô cùng hoàn hảo, dải anten được bố trí và làm đồng màu với thân máy tạo nên thiết kế liền mạch và đẳng cấp. Galaxy Tab S7 FE cũng là chiếc máy tính bảng có độ mỏng ấn tượng 6.3 mm, dù được trang bị viên pin cực khủng. Trọng lượng 608 g nhẹ hơn nhiều so với laptop, thoải mái để bạn mang theo bên mình và xử lý công việc, kiểm tra email ở bất cứ đâu. Cấu hình của Galaxy Tab S7 FE phần nào đã được cắt giảm so với phiên bản tiêu chuẩn, nhưng các tựa game đồ họa cao và ứng dụng văn phòng vẫn không làm khó được mẫu máy này, nhờ trang bị vi xử lý Snapdragon 750G giúp cho máy có tốc độ mở ứng dụng khá nhanh và chơi game 3D mượt mà.', 0, '2021-11-07 07:05:16'),
(11, 'Máy tính bảng Samsung Galaxy Tab S7', 2, 3, 18990000, 'samsung-galaxy-tab-s7-gold-new-600x600.jpg', 'Galaxy Tab S7 vẫn giữ nguyên thiết kế kim loại nguyên khối, góc cạnh như người tiền nhiệm Samsung Galaxy Tab S6 trước đó, cho cảm giác sang trọng và cao cấp, cầm vào tay rất vừa vặn và thoải mái.  Các cạnh bên được vát thẳng, bo tròn ở các góc, hoàn thiện bằng lớp vỏ kim loại cứng cáp ít bám mồ hôi và dấu vân tay, khả năng hoàn thiện cực kỳ cao và chắc chắn. Nút nguồn và nút tăng giảm âm lượng được bố trí ở cạnh trái, trong khi hệ thống 4 loa ngoài được tinh chỉnh bởi AKG của thiết bị được đặt ở cạnh trên và dưới, cho chất lượng âm thanh tốt, phục vụ nhu cầu giải trí di động. Không giống như người anh em của mình Galaxy Tab S7 chỉ được trang bị cảm biến vân tay một chạm nằm ở cạnh bên. Tab S7 có kích thước tổng thể siêu mỏng và nhẹ với kích thước các cạnh lần lượt là dài 253.8 mm, ngang 165.3 mm, dày 6.3 mm cùng trọng lượng 500 gram, dễ dàng bỏ trong balo và mang theo bên người. Galaxy Tab S7 được trang bị màn hình LCD 11 inch độ phân giải WQXGA (2.560 x 1.600 pixels) có độ phủ gam màu 100% DCI-P3 và hỗ trợ HDR. Phần viền bezels xung quanh màn hình cũng đã được mỏng dễ nhìn hơn cho không gian sử dụng rộng rãi, hiển thị được nhiều thông tin nhưng vẫn đảm bảo độ sắc nét cao. Đặc biệt, Samsung đã nâng tầm chiếc máy tính bảng của mình lên một tầm cao mới khi trang bị cho Galaxy Tab S7 màn hình có tốc độ làm tươi 120 Hz mang đến một trải nghiệm đã mắt nhất, phù hợp với việc chơi game, xem Netflix hoặc ngay cả làm việc. Ngoài ra, màn hình trên Galaxy Tab S7 còn hỗ trợ bút S-Pen với độ trễ thấp như ở siêu phẩm Galaxy Note 20 Ultra cùng thời gian phản hồi là 9 ms để cho người dùng trải nghiệm viết tự nhiên nhất.  Đầu tiên, Bút S Pen trên Tab S7 cũng đã được cải tiến rất nhiều, bạn có thể tạo các thao tác nhanh như quay lại, trang chủ, gần đây, chọn thông minh và quay màn hình, hỗ trợ tốt hơn cho nhiều tác vụ như trình chiếu.\r\nDải nam châm gắn bút S Pen nối liền với camera và phẳng chứ không lõm như thế hệ trước cũng như trang bị bàn phím kết nối với Tab S7 qua nam châm, để sử dụng như laptop.\r\n\r\n', 1, '2021-11-07 07:05:16'),
(12, 'Tai nghe Bluetooth True Wireless LG TONE-FB5', 5, 4, 2990000, 'bluetooth-true-wireless-lg-tone-fp5-ava-600x600.jpg', 'Thiết kế gọn nhẹ, có gel silicone không gây dị ứng. Tận hưởng âm thanh chất lượng cao, mạnh mẽ với công nghệ âm thanh của Meridian.Đắm chìm trong âm thanh bạn đang nghe với công nghệ Active Noise Cancellation khử ồn chủ động. Tai nghe cho 8 giờ sử dụng, hộp sạc cho 22 giờ khi tắt ANC. Hỗ trợ sạc nhanh 5 phút dùng được 1 giờ.Bộ EQ và nhiều chế độ âm thanh dễ tùy chỉnh với ứng dụng Tone Free. Sử dụng ngoài trời thoải mái với chuẩn chống nước IPX4. Điều khiển cảm ứng chạm dễ tăng/giảm âm lượng, chuyển bài hát, trả lời cuộc gọi,...Housing thiết kế đường viền độc đáo mới được phát triển dựa trên quá trình phân tích hàng trăm tai người giúp đảm bảo sự vừa khít và phong cách cho bạn khi sử dụng. Hộp sạc tai nghe LG được chỉnh chu với độ hoàn thiện cao, đặt housing kiểu nằm ngang dễ nhấc và đặt vào, sạc và bảo vệ tối ưu. 2 phiên bản thời trang gồm trắng nhã nhặn và đen lịch lãm. Nút tai là miếng gel được xác nhận đạt tiêu chuẩn y tế, làm từ silicone không độc hại, không gây dị ứng, đeo thoải mái ngay cả khi phải sử dụng cả ngày dài. Có 3 kích cỡ cho bạn dễ dàng lựa chọn. ', 0, '2021-11-07 13:41:36'),
(13, 'Máy tính bảng iPad Pro M1 11 inch WiFi 128GB', 1, 3, 23790000, 'ipad-pro-m1-11-inch-wifi-gray-9-600x600.jpg', 'iPad Pro M1 11 inch Wifi 128GB (2021) được gia công rắn chắc bằng khung nhôm, trọng lượng chỉ 466 g cho tổng thể gọn nhẹ giúp người dùng cảm thấy thoải mái, dễ chịu hơn mỗi khi cầm nắm sử dụng. Được thiết kế nguyên khối liền lạc, vuông vức, sang trọng tương tự như iPhone 12 series, cụm camera nằm trong mô-đun hình vuông quen thuộc kết hợp với những màu sắc độc quyền,... bằng cách nào đó, các sản phẩm của Apple đều toát lên sự chú ý của mọi người tiêu dùng.  Màn hình Liquid Retina trang bị trên iPad Pro 11 inch 2021 hỗ trợ dải màu rộng P3, True Tone và có độ sáng lên đến 600 nits mang đến bạn những trải nghiệm hình ảnh tuyệt đẹp, khiến cho mọi chi tiết hiển thị trên máy luôn sáng và sống động nhất. Máy sở hữu một màn hình có kích thước 11 inch kết hợp với công nghệ hình ảnh đỉnh cao ​​Dolby Vision, mang đến cho bạn những nội dung với chất lượng hình ảnh cao, tạo cảm giác chân thật, iPad Pro M1 11 inch 2021 sẽ khiến bạn đắm chìm như trong rạp chiếu phim cho cảm nhận đến từ mọi phía đều tuyệt vời. Lần đầu tiên, iPad Pro 11 inch 2021 tự hào sở hữu cấu hình khủng với con chip Apple M1 được trang bị trên MacBook M1 và có khá nhiều người tin dùng đã cho đánh giá tích cực về hiệu năng vượt trội của bộ vi xử lý này. Sự xuất hiện mang tính đột phá của chip Apple M1 đã đưa iPad Pro M1 lên một tầm cao mới. Chipset mang lại hiệu năng CPU nhanh hơn tới 50% so với A12Z Bionic, hiệu suất GPU nhanh hơn tới 40% giúp máy tính bảng nhà Apple vươn lên vị trí dẫn đầu trong các thiết bị cùng loại. Giờ đây, người dùng có thể thả ga chiến đấu trên các tựa game nặng có đồ họa cao hay dễ dàng hơn trong việc chỉnh sửa các video độ phân giải lớn cũng như là xử lý các tác vụ trên máy được trơn tru, mượt mà nhất. Bên cạnh đó, iPad Pro M1 11 inch 2021 đi kèm RAM 8 GB và bộ nhớ trong 128 GB cho máy không gian lưu trữ rộng mở để người dùng thoải mái lưu ứng dụng, hình ảnh, dữ liệu,... mà mình yêu thích.', 1, '2021-11-07 07:07:47'),
(14, 'Máy tính bảng Huawei MatePad 11 ', 7, 3, 13990000, 'huawei-matepad-11-grey-600x600.jpg', 'MatePad 11 mang cho mình điểm ấn tượng đầu tiên là về trọng lượng vì máy chỉ mỏng khoảng 7.25 mm và trọng lượng 485 gam nên khi cầm trên tay, nó mang lại một cảm giác thoải mái, không quá nặng. Đây là một con số cực kỳ lý tưởng cho một chiếc máy tính bảng để mình có thể mang nó theo bất kì đâu một cách dễ dàng.  MatePad 11 vẫn mang lối thiết kế cổ điển phủ một lớp màu xám, nó thu hút mọi người bởi kiểu dáng mỏng, các góc cạnh được bo tròn đều nhau giúp cho tổng thể hài hòa hơn, tạo cảm giác mềm mại, nhẹ nhàng và sang trọng.  Máy tính bảng không sử dụng jack tai nghe 3.5 mm, mà nó tích hợp chung với khe cắm sạc Type-C với nhau được đặt ở dưới thân máy, còn các phím nguồn và tăng giảm âm lượng thì đặt ở 2 bên cạnh viền máy như các chiếc máy khác.  MatePad 11 sở hữu màn hình 10.9 inch tỷ lệ 16:9 có độ phân giải là 2K, sử dụng tấm nền IPS LCD, hỗ trợ công nghệ HDR. MatePad có xu hướng hơi đẩy tone màu lên một chút, mang lại cảm giác màu sắc tươi và nịnh mắt hơn. Mình nghĩ chiếc máy này sẽ rất phù hợp cho các bạn với nhu cầu là giải trí, xem phim. Điểm mạnh trên chiếc Matepad 11 là nó được trang bị tần số quét 120 Hz tạo nên trải nghiệm cực kỳ mượt mà trong các thao tác vuốt chạm, các hình ảnh hiển thị khi chơi game giải trí cũng sướng hơn rất là nhiều. Khi chơi các tựa game tốc độ cao, nó giúp hạn chế được tình trạng xé màn hình.  Đồng thời, đi kèm máy là chiếc bút cảm ứng, sẽ rất là phù hợp với những bạn đam mê hội họa, theo ngành thiết kế hoặc là chỉ muốn ghi chú thông tin, phác thảo ý tưởng, phục vụ tốt khi mà các bạn muốn vẽ vời, đối với mình thì có một chiếc bút như này sẽ rất là tiện. Còn nói về loa thì em này có tổng cộng là 4 loa, 2 loa trên và 2 loa dưới được chia đều cho mỗi cạnh. Âm thanh được tinh chỉnh bởi Harman Kardon thực sự mang lại chất lượng khá tốt. Các dải âm thanh tách bạch, bass nằm ở mức tốt và khi các bạn bật ở max âm lượng thì hiện tượng vỡ âm thanh cũng không bị xảy ra. Nhìn chung, con này để mà xem phim thì phải nói quá tuyệt vời.', 0, '2021-11-07 07:15:16'),
(15, 'Laptop LG Gram 16 2021 i7 16z90pgah75a5 1165G7/16GB/512GB/Win10', 5, 2, 50890000, 'lg-gram-16-i7-16z90pgah75a5-600x600.jpg', 'Vỏ của chiếc laptop này được làm từ hợp kim Nano Carbon - Magie cứng cáp, bền bỉ và mang đến sự sang trọng. Thiết kế bo thẳng 4 góc cộng với bản lề ẩn giúp hạn chế bị phân tâm, tăng khả năng tập trung vào công việc. Sở hữu trọng lượng 1.19 kg cùng với độ dày chỉ 16.8 mm cho kích thước 16 inch là một sự tối ưu vượt trội, bạn hoàn toàn có thể nâng máy bằng một tay hay để vừa balo, túi xách mang theo bên mình một cách nhẹ nhàng. Ngoài ra, máy còn đạt độ bền đạt chuẩn quân đội MIL-STD-810G khi trải qua các quy trình kiểm tra khắt khe, nên bạn hoàn toàn có thể yên tâm sử dụng mà không lo máy bị hư hỏng khi vô tình va đập nhẹ. Cảm biến vân tay tích hợp trên nút nguồn giúp bạn mở khóa máy dễ dàng và nhanh chóng chỉ bằng một chạm mà không cần phải ghi nhớ mật khẩu và đăng nhập mỗi ngày. Bàn phím Fullsize với các phím nhấn lớn, hành trình phím 1.65 mm cho cảm giác nhấn thoải mái đỡ mỏi tay hơn khi sử dụng lâu, tích hợp phím số ở bên phải giúp bạn nhập liệu nhanh chóng hơn. Đèn nền cũng được trang bị bên bàn phím laptop này, giúp bạn thoải mái thao tác trong điều kiện thiếu sáng. Tuy là một chiếc laptop có thiết kế siêu mỏng nhẹ, máy vẫn trang bị đầy đủ các cổng kết nối thông dụng như: USB 3.2, Thunderbolt 4 vừa sạc vừa truyền dữ liệu, cổng HDMI, khe thẻ nhớ Micro SD giúp bạn kết nối với các thiết bị ngoại vi dễ dàng, xuất hình ảnh 4K, sạc pin với công suất 100 W,...Ngoài ra, LG còn hỗ trợ chuẩn kết nối không dây là Wi-Fi 6 (802.11ax) tốc độ truyền tải lên đến 10.000 Mbps, Bluetooth 5.1 tốc độ tối đa là 50 Mbps cho kết nối ổn định, nhanh chóng.', 1, '2021-11-07 07:35:35'),
(16, 'Máy tính bảng Lenovo Tab M10 - FHD Plus ', 6, 3, 6190000, 'tab-m10-fhd-plus-600-600x600.jpg', 'Lenovo Tab M10 - FHD Plus được bảo vệ hoàn toàn bởi khung kim loại rắn chắc, các cạnh viền hơi vuông, cong uyển chuyển, sáng bóng. Chiếc máy tính bảng sở hữu vẻ ngoài toát lên vẻ hiện đại thời thượng trong thiết kế đơn giản mà đầy thu hút. Cấu tạo của Tab M10 - FHD Plus hướng đến mọi đối tượng trong gia đình nên vô cùng gọn nhẹ, chỉ dày 8.15 mm và sở hữu trọng lượng chỉ 460 g. Từ trẻ nhỏ đến người cao tuổi đều dễ dàng cầm nắm sử dụng và mang theo đến bất cứ đâu ngay trong balo nhỏ của bạn.  An toàn hơn và nhanh chóng mở khóa máy tính bảng bất cứ khi nào bạn cần bằng công nghệ nhận diện khuôn mặt, chỉ một thao tác vô cùng đơn giản, Tab M10 - FHD Plus đã sẵn sàng hoạt động.  Lenovo Tab M10 - FHD Plus tự hào đảm bảo sức khỏe cho đôi mắt người dùng nhờ khả năng loại bỏ ánh sáng xanh được chứng nhận từ tổ chức TÜV Rheinland, hạn chế mỏi mắt khi sử dụng máy lâu.  Tab M10 - FHD Plus trang bị công nghệ màn hình IPS LCD mở rộng góc nhìn, có gam màu đa dạng, công nghệ giúp người dùng có thể trải nghiệm hình ảnh tốt ngay cả khi không ngồi trực diện.  Một chiếc tablet với kích thước màn hình rộng lớn 10.3 inch giúp người dùng có được những trải nghiệm giải trí rộng rãi và chân thật nhất. Máy tính bảng Lenovo Tab M10 - FHD Plus tự tin khi sở hữu chip CPU MediaTek Helio P22T 8 nhân sản xuất dựa trên tiến trình 12 nm, có tốc độ xung nhịp 2.3 GHz giúp máy chạy mượt mà các tác vụ Al, xử lý mọi hoạt động trôi chảy.', 0, '2021-11-07 07:29:18'),
(17, 'Tai nghe Bluetooth True Wireless LG TONE-FB8', 5, 4, 2990000, 'bluetooth-true-wireless-lg-tone-fp8-den-thumb-600x600.jpg', 'Housing thiết kế đường viền độc đáo mới được phát triển dựa trên quá trình phân tích hàng trăm tai người giúp đảm bảo sự vừa khít và phong cách cho bạn khi sử dụng. Hộp sạc tai nghe LG được chỉnh chu với độ hoàn thiện cao, đặt housing kiểu nằm ngang dễ nhấc và đặt vào, sạc và bảo vệ tối ưu. 2 phiên bản thời trang gồm trắng nhã nhặn và đen lịch lãm.  Nút tai là miếng gel được xác nhận đạt tiêu chuẩn y tế, làm từ silicone không độc hại, không gây dị ứng, đeo thoải mái ngay cả khi phải sử dụng cả ngày dài. Có 3 kích cỡ cho bạn dễ dàng lựa chọn.  Tai nghe Bluetooth True Wireless LG TONE-FP5 tích hợp hệ thống loa cao cấp mang đến sắc âm cuốn hút, trải trong không gian, có công nghệ HSP mô phỏng trải nghiệm nghe âm thanh từ loa thực sự kết hợp Bluetooth 5.2 giảm khả năng mất âm thanh, tái hiện âm thanh gốc chính xác hơn.  Vùng âm thanh hiệu quả của màng loa đã được cải thiện đến khoảng 75.5% so với phiên bản tiền nhiệm cho chất âm rõ ràng, driver lớn, màng ngăn có thêm viền silicone cho âm trầm sâu lắng, dày khỏe mà không ảnh hưởng đến độ nét của âm thanh. Sử dụng công nghệ phối âm thanh trong không gian cho bạn tận hưởng âm thanh 3D sống động, dưa bạn đắm chìm vào trong các bản nhạc, trò chơi.Tích hợp 3 micro vừa giảm tiếng ồn xung quanh vừa giúp thu âm rõ ràng giọng nói cho cuộc đàm thoại trong trẻo, tự nhiên.  Mặc khác để đảm bảo sự riêng tư của bạn, tai nghe còn hỗ trợ chế độ Thì thầm, khi bạn đặt tai nghe phải gần miệng và trò chuyện với giọng nói âm lượng nhỏ trong lúc ở thư viện hay trên xe bus thì đầu dây bên kia vẫn nghe bạn nói rất rõ. ', 0, '2021-11-07 13:41:36'),
(18, 'Máy tính bảng Xiaomi Pad 5 256GB', 3, 3, 10490000, 'xiaomi-pad-5-grey-600x600.jpg', 'Máy tính bảng Xiaomi Pad 5 được trang bị một màn hình siêu ấn tượng với tấm nền IPS LCD kích thước lớn lên đến 11 inch, hỗ trợ độ phân giải WQHD+ cực nét, mang đến khả năng hiển thị sống động, cho bạn đắm chìm trong các không gian giải trí. Phần viền màn hình được làm mỏng đều cả 4 cạnh không chỉ nâng cao trải nghiệm xem, mà còn góp phần giúp máy tính bảng trở nên sang trọng và đẳng cấp hơn rất nhiều. Đặc biệt màn hình này còn có thể hiển thị hơn 1 tỷ màu sắc khác nhau. Hỗ trợ công nghệ hình ảnh Dolby Vision, TrueTone cùng tần số quét 120 Hz cho trải nghiệm hình ảnh mượt mà, đã mắt nhất là khi sử dụng để xem phim hay là chiến game. Cùng với trải nghiệm hình ảnh đáng kinh ngạc thì Xiaomi Pad 5 được trang bị tới 4 loa ngoài hỗ trợ công nghệ âm thanh Dolby Atmos, chuẩn âm thanh Hi-Res nhờ đó mang lại chất lượng âm thanh chân thực hơn bao giờ hết. Màn hình trên Xiaomi Pad 5 còn được trang bị khả năng lọc ánh sáng xanh giúp bảo vệ đôi mắt người dùng, cùng công nghệ tự động điều chỉnh ánh sáng và màu sắc theo môi trường, giúp người dùng có thể sử dụng thiết bị trong nhiều điều kiện ánh sáng khác nhau.  Xiaomi Pad 5 được trang bị bộ vi xử lý Snapdragon 860 có hiệu năng rất cao với 8 nhân cao cấp với xung nhịp cao nhất có thể lên đến 2.96 GHz và GPU đồ họa Adreno 640 cực mạnh, chạy mượt tất cả các ứng dụng bạn cần. Không chỉ có tốc độ xử lý nhanh, GPU còn cải thiện đáng kể về khả năng xử lý đồ họa khi xem phim có độ phân giải cao hay những tựa game yêu cầu đồ họa cao, tăng độ chân thực cho các hình ảnh, video mang đến trải nghiệm hình ảnh tốt nhất cho người dùng. Bên cạnh đó là dung lượng 6 GB RAM cho khả năng chạy đa nhiệm nhiều ứng dụng một cách mượt mà và bộ nhớ trong lên đến 256 GB mang lại một không gian lưu trữ lớn, người dùng có thể thoải mái cài đặt ứng dụng và lưu trữ dữ liệu.', 1, '2021-11-07 07:07:47'),
(19, 'Máy tính bảng Huawei MatePad 128GB', 7, 3, 7790000, 'huawei-matepad-xam-128gb-600x600.jpg', 'Huawei MatePad khiến bất cứ ai ngay từ lần đầu nhìn vào đều sẽ bị thu hút bởi kiểu dáng mỏng, thiết kế tối giản với mặt lưng được phủ mờ tinh tế tạo nên phong cách sành điệu cho người sở hữu. Độ hoàn thiện cao đến từ phần khung kim loại cứng cáp cùng những đường cong mềm mại, trọng lượng chỉ khoảng 460 g, đem lại sự nhẹ nhàng khi cầm trên tay trong thời gian dài cũng như rất gọn nhẹ để bạn có thể dễ dàng mang theo bên mình. Mẫu máy tính bảng của Huawei trang bị 2 camera với một camera trước và một camera sau, cùng độ phân giải là 8 MP, chất lượng khá ổn ở một chiếc tablet tầm trung, mang đến những tấm ảnh khá chi tiết. Ngoài ra, máy cũng có thể quay video đạt chuẩn Full HD giúp bạn ghi lại những khoảnh khắc đáng nhớ thường ngày. Có màn hình 10.4 inch cực rộng, MatePad lại gọn nhẹ hơn laptop rất nhiều, màn hình lớn không chỉ lý tưởng để giải trí mà còn giúp bạn xử lý công việc được thuận tiện.  Tấm nền IPS LCD, độ phân giải 2K mọi chi tiết hiển thị từ máy tính bảng Huawei MatePad đều rõ ràng, sắc nét với màu sắc đạt chuẩn dưới mọi góc nhìn, cho bạn tận hưởng nội dung hay sáng tạo những ý tưởng trên một màn hình lớn.  Không chỉ vậy, với màn hình lọc ánh sáng xanh đạt chứng nhận TÜV Rheinland giúp bảo vệ mắt cùng chế độ đọc eBook tái tạo độ sáng, màu sắc để mang lại cảm giác dễ chịu như đọc một cuốn sách thật sự. Chất lượng âm thanh trên MatePad hứa hẹn sẽ vô cùng ấn tượng với hệ thống 4 loa mang đến hiệu ứng âm thanh nổi 3D Histen 6.0 đa chiều cho trải nghiệm giải trí của bạn thêm phần sống động. Bên cạnh đó, được tinh chỉnh bởi Harman Kardon mang đến chất âm trung thực, âm sắc rõ ràng, đầy đủ mọi cung bậc giúp cho việc xem phim hay nghe nhạc trở nên đặc sắc hơn bao giờ hết.  Kết hợp 4 micro thu tiếng lọc âm thông minh giúp việc đàm thoại hay quay video với âm thanh rõ ràng, không bị ảnh hưởng bởi tiếng ồn xung quanh, trang bị này sẽ rất thích hợp khi bạn đang gọi video call hay giúp cho buổi họp từ xa chuyên nghiệp hơn.', 0, '2021-11-07 07:20:09'),
(20, 'Máy tính bảng Lenovo Tab P11 Plus ', 6, 3, 8190000, 'lenovo-tab-p11-plus-2-600x600.jpg', 'Máy tính bảng Lenovo Tab P11 Plus mang đến hiệu suất hoạt động khá ấn tượng nhờ vi xử lý MediaTek Helio G90T sản xuất trên tiến trình 12 nm với xung nhịp cao nhất có thể lên đến 2.05 GHz đem lại khả năng xử lý những tác vụ từ cơ bản đến nâng cao đều mượt mà.  Đảm nhiệm vai trò xử lý đồ họa là GPU Mali-G76 MC4 mang lại trải nghiệm có độ trung thực cao trên những tựa game hot nhất, đem đến tốc độ xử lý nhanh chóng đồng thời tiết kiệm điện năng hơn.  Bộ nhớ trong 64 GB hoàn toàn đủ khả năng lưu trữ hình ảnh, video và ứng dụng ở mức độ cơ bản. Ngoài ra, người dùng còn có thể mở rộng bộ nhớ qua thẻ nhớ MicroSD để thêm không gian lưu trữ. Máy trang bị RAM 4 GB tăng khả năng đa nhiệm, giúp máy xử lý tốt mọi tác vụ dễ dàng mà không phải chờ đợi lâu. Bên cạnh đó, bạn cũng có thể mua thêm bàn phím để dễ dàng thao tác một số tác vụ phù hợp với đặc thù của công việc, học tập. Lenovo Tab P11 Plus được cài đặt sẵn hệ điều hành Android 11 tích hợp kho ứng dụng giải trí khổng lồ cho bạn thoải mái học tập hay giải trí. Đi kèm tính năng Google Kids Space kết nối con bạn với hơn 10000 ứng dụng và trò chơi giáo dục được giáo viên phê duyệt, cùng với hàng trăm cuốn sách miễn phí để giúp trẻ khám phá, sáng tạo và phát triển. Lenovo Tab P11 Plus với thiết kế nguyên khối từng đường nét được thể hiện rõ ràng cùng phần viền bo cong 4 góc mềm mại, trọng lượng 490 g đem lại sự thanh thoát nhẹ nhàng khi sử dụng. Mặt lưng của máy được hoàn thiện trên chất liệu hợp kim nhôm cao cấp, gia công bề mặt vô cùng hoàn hảo với 2 mảng màu xám khác nhau, mang lại vẻ ngoài sang, chắc chắn và cảm giác mát lạnh khi sờ vào.  Phía bên cạnh của máy là nơi người dùng gắn thêm phụ kiện bàn phím với chân tiếp xúc nam châm có lực hút mạnh, đảm bảo phụ kiện gắn chặt với thân máy, đồng thời các nút chức năng bố trí hợp lý tạo cảm giác thích thú khi sử dụng.', 1, '2021-11-07 07:24:05'),
(21, 'Tai nghe Có Dây EP OPPO MH151', 4, 4, 590000, 'co-day-ep-oppo-mh151-10-600x600.jpg', 'Dây được làm chắc chắn, chống rối, uốn cong và cuộn lại linh hoạt, tạo sự thuận tiện khi cất giữ và mang đi khi du lịch, công tác, đi học, đi làm,... Có 2 phiên bản màu đen thanh lịch và màu bạc tươi sáng, đường viền xanh bóng bắt mắt tạo điểm nhấn cho tai nghe thêm thời trang, cá tính. Bằng cách chọn cặp đệm tai phù hợp cho khổ tai của mình, không những giúp tai nghe có dây EP OPPO MH151 đeo vừa vặn, cho độ bám tốt mà còn đem đến trải nghiệm âm thanh tối ưu hơn.  Hơn nữa âm thanh được thiết lập độ phân giải cao Hi-Res Audio tái tạo sắc âm tinh tế, thưởng thức được nhiều thể loại nhạc, nghe từ nhạc trữ tình đến dance, dùng khi chơi game đều rất tuyệt.  Sử dụng đầu cắm 3.5 mm thông dụng tương thích với nhiều dòng điện thoại, máy tính bảng, laptop, máy nghe nhạc,...Có micro cho giọng thoại to rõ, đảm bảo bạn luôn nắm bắt được mọi nội dung trong cuộc trò chuyện. - Nhấn 1 lần: Phát/dừng chơi nhạc, nhận/kết thúc cuộc gọi.Nhấn 2 lần: Chuyển bài hát tiếp theo.Tính năng phát/dừng chơi nhạc, chuyển bài hát tương thích các app nghe nhạc, không tương thích với YouTube.  Tóm lại, với vẻ đẹp thời thượng, tính tiện dụng cao, chất âm trung thực, dễ thao tác, tai nghe nhét tai OPPO MH151 tin tưởng sẽ làm bạn cực thích thú khi đồng hành trong cuộc sống thường nhật. ', 0, '2021-11-07 13:38:15'),
(22, 'Tai nghe Bluetooth True Wireless OPPO ENCO Buds', 4, 4, 790000, 'bluetooth-tws-oppo-enco-buds-eti81-ava-2-600x600.jpg', 'Bề mặt housing và hộp sạc được bao phủ bởi sắc trắng trang nhã, màu xanh da trời thanh thuần, housing dạng công thái học kết hợp đệm tai silicone mềm nhẹ (có 3 kích thước) giúp người dùng đeo tai nghe Bluetooth thoải mái cả ngày.  Hộp đựng đồng thời là hộp sạc cho phép cất giữ housing thuận tiện, vừa vặn, không sợ thất lạc, bản lề thao tác linh hoạt, dùng bền.  Các nốt nhạc được thể hiện chi tiết, âm trầm sâu hơn, cho bạn nghe những bản nhạc Dance, EDM cực đã tai, giải tỏa căng thẳng, stress hiệu quả.  Đường truyền không dây được giữ liền mạch khi bạn ghép nối tai nghe với điện thoại, máy tính bảng, laptop, say sưa nghe nhạc, đàm thoại trong khi di chuyển khắp phòng. Với những thuật toán thông minh dựa trên mô hình DNN, giọng nói được tách chính xác khỏi tiếng ồn trong môi trường quanh bạn, cho bạn được nói và lắng nghe với nội dung đúng như những gì mà bạn và đối tác, bạn bè muốn truyền tải cho đối phương. Tai nghe Bluetooth True Wireless OPPO ENCO Buds ETI81 có tính năng sạc nhanh 15 phút cho 60 phút sử dụng, sạc qua cổng Type-C quen thuộc trên hộp sạc. Thời gian sạc chỉ cho tai nghe là 120 phút, sạc cho cả tai nghe và hộp sạc là 150 phút.  Giảm độ trễ 60%, 80 ms, đồng bộ hóa âm thanh và hình ảnh cho bạn nhận diện kẻ địch và tấn công bất ngờ, chơi game tốc độ với tai nghe OPPO hứa hẹn cho game thủ đạt tỉ lệ thắng cao hơn.  Đạt tiêu chuẩn chống nước, chống bụi IP54. Khi đi ra ngoài bất chợt gặp mưa nhỏ, tập thể thao xuất nhiều mồ hôi, bạn vẫn hoàn toàn yên tâm khi sử dụng tai nghe True Wireless bởi với chuẩn IP54 thiết bị vẫn cho bạn nghe nhạc, gọi điện với chất lượng cao.  Ứng dụng sau khi cài đặt cho phép bạn cá nhân hóa trải nghiệm âm thanh, điều chỉnh chức năng tùy ý, HeyMelody hiện đã có trên Google Play, phù hợp cho thiết bị Android 6.0 trở lên. ', 0, '2021-11-07 13:38:15'),
(23, 'Laptop Lenovo Yoga Duet 7 13IML05 i7 10510U/8GB/512GB/Pen/Win10', 6, 2, 29490000, 'lenovo-yoga-duet-7-13iml05-i7-82as007cvn-154221-024257-600x600.jpg', 'Tổng trọng lượng của laptop Lenovo Yoga Duet 7 13IML05 i7 chỉ 1.1683 kg (bao gồm máy là 0.7988 kg và bàn phím và 0.3695 kg) cùng độ mỏng 9.19 mm dù vỏ máy được làm từ kim loại, là đột phá cho sự gọn nhẹ ngày càng được tối ưu hóa của dòng laptop tiện dụng. Điểm đáng ngạc nhiên chính là bàn phím Bluetooth của laptop có thể tháo rời, nhanh chóng biến laptop thành một chiếc máy tính bảng thông thường. Bàn phím của Lenovo Yoga Duet 7 không có gì để chê từ phím bấm, độ nảy cho đến mọi phím tiện dụng bởi nó mang lại cảm giác bấm chắc chắn, phản hồi nhanh. Lớp vải phía dưới bàn phím tạo sự êm ái, không lo trầy xước khi đặt lên các mặt bàn không được láng mịn. Vì là bàn phím Bluetooth nên dù cho gỡ bàn phím ra khỏi màn hình và để xa tận 2m thì thao tác gõ và phản hồi đều cực đã. Phần nam châm kết nối giữa màn hình và bàn phím rất chắc chắn, gắn vào là khít ngay, rung lắc thế nào cũng không rớt. Phần chân đế được Lenovo thiết kế cực kì linh hoạt, có thể tự do điều chỉnh nhiều góc độ để phù hợp với nhu cầu sử dụng. Nhờ vậy mà bạn có 3 chế độ sử dụng: một cuốn sổ phác thảo thông minh, một chiếc tablet và một chiếc laptop.  Nâng cấp bảo mật an toàn, đăng nhập mở khóa chỉ bằng một nụ cười qua tính năng mở khóa bằng khuôn mặt Windows Hello Face và Camera IR hoạt động tốt trong mọi điều kiện sáng. Lenovo Yoga còn tích hợp trợ lý ảo Alexa thông minh, lưu ý hiện nay chưa có hỗ trợ tiếng Việt, bạn có thể điều khiển bằng tiếng Anh.\r\n\r\n', 1, '2021-11-07 06:42:20'),
(24, 'Laptop Lenovo Ideapad Gaming 3 15IMH05 i7 Win10 (81Y4013UVN) ', 6, 2, 25990000, 'lenovo-ideapad-gaming-3-15imh05-i7-81y4013uvn-600x600.jpg', 'Lenovo IdeaPad có thiết kế khá đơn giản, không đem lại cảm giác hầm hố mà vẫn mạnh mẽ đầy thu hút với điểm nhấn là những đường vát chéo ở các góc máy. Máy có độ dày khoảng 24.9 mm cùng trọng lượng 2.2 kg cho bạn thoải mái mang theo hằng ngày đến lớp, quán cà phê mà không sợ nặng hay cồng kềnh.  Công tắc khóa camera giúp nâng cao bảo mật cho người dùng giúp che webcam khi không sử dụng, không còn mối lo bị hacker đánh cắp hình ảnh riêng tư. Laptop Lenovo sở hữu bàn phím full size với các phím bấm lớn, thiết kế lõm công thái học cho cảm giác bấm thoải mái nhất và hành trình phím 1.5 mm nhanh nhậy, chính xác. Bàn phím cũng có đèn nền màu xanh bắt mắt giúp bạn thao tác tốt ở những nơi thiếu sáng. Laptop gaming trang bị cho mình những cổng kết nối thông dụng và cần thiết như USB 3.2, HDMI, cổng mạng LAN (RJ45), USB Type-C để có thể nối máy với chuột, loa rời hay xuất hình sang màn hình chiếu để chơi game “đã” hơn.  Laptop hỗ trợ Wi-Fi 6 AX201 với tốc độ truyền tải dữ liệu lên đến hơn 10.000 Mbps cho bạn trải nghiệm sử dụng mạng mượt mà, ổn định hơn. Lenovo IdeaPad Gaming 3 được trang bị bộ vi xử lí Intel Core i7 Comet Lake dòng 10750H được nâng cấp toàn diện, tăng tốc về hiệu năng, lượng khung hình trên giây, phù hợp với laptop gaming. Chip này có tốc độ xung nhịp cơ bản 2.60 GHz và tối đa 5.0 GHz khi ép xung bằng Turbo Boost.  Kết hợp với card đồ họa rời NVIDIA GeForce GTX 1650Ti 4GB tăng tốc độ xử lý giúp tăng hiệu năng và chơi game mượt hơn. Bạn có thể thỏa sức “chiến” các tựa game phổ biến như LOL, FO4, CSGO, PUBG ở mức setting trung bình đến cao. Đi kèm là RAM 8 GB DDR4 có khả năng đa nhiệm ổn định, chuyển đổi mượt mà giữa nhiều ứng dụng với nhau khi sử dụng đồng thời, tốc độ Bus RAM đạt khoảng 2933 MHz. Bạn cũng có thể nâng cấp thêm RAM tối đa 16 GB dễ dàng nếu có nhu cầu.', 1, '2021-11-07 06:51:41'),
(25, 'Tai nghe Bluetooth True 2 Xiaomi ZBW4493GL Trắng', 3, 4, 2590000, '226701-600x600.jpg', 'Tai nghe Bluetooth True Wireless Earphones 2 Xiaomi ZBW4493GL có hộp sạc bảo vệ, vừa vặn với kích thước của tai nghe. Sản phẩm đồng bộ tông màu trắng thanh lịch, dễ phối đồ. Đây là món phụ kiện đặc biệt thích hợp cho các bạn trẻ năng động hiện nay. Kết nối nhanh chóng và ổn định với khoảng cách tối đa tới 10 m nhờ trang bị chuẩn Bluetooth 5.0. Thao tác các tính năng như: Nhận/tắt cuộc gọi, phát/dừng nhạc,... một cách nhanh chóng bằng cách chạm hai lần vào vùng cảm ứng trên tai nghe.  Trò chuyện điện thoại thoải mái và rõ ràng hơn nhờ công nghệ khử tiếng ồn. Tai nghe không dây Xiaomi tích hợp công nghệ khử tiếng ồn hiệu quả, cho bạn có thể nghe điện thoại rõ ràng mà không bị ảnh hưởng từ môi trường xung quanh. Mang đi dã ngoại, hoạt động khu vực biển, hồ bơi thoải mái nhờ tai nghe đạt chuẩn chống nước IPX5. Tai nghe có chất âm ổn, trong trẻo, phù hợp với nhiều loại nhạc. Nhược điểm của chiếc tai nghe này là cách âm không tốt lắm nên bạn chỉ nên sử dụng ở nơi không có quá nhiều tạp âm để có trải nghiệm tốt nhất. Tai nghe Bluetooth Xiaomi có thời gian sạc đầy chỉ trong 1 giờ, bạn có thể thoải mái nghe nhạc liên tục tới 4 tiếng đồng hồ, kèm hộp sạc 18 tiếng.  Với những tiện ích thông minh hiện đại, Xiaomi đã mang đến cho Mifan chiếc tai nghe không dây Bluetooth True Wireless Earphones 2 Xiaomi ZBW4493GL trắng chắc chắn sẽ thỏa mãn được trải nghiệm nghe nhạc thật tuyệt vời.', 0, '2021-11-07 13:34:45'),
(26, 'Điện thoại Samsung Galaxy Z Flip3 5G 256GB', 2, 1, 26990000, 'samsung-galaxy-z-flip-3-black-1-600x600.jpg', 'Samsung Galaxy Z Flip3 5G dễ dàng lấy lòng phái nữ khi thiết kế của nó được lấy cảm hứng từ hộp đựng phấn trang điểm. Kết hợp với 7 màu sắc khác nhau, giúp bạn thoải mái thể hiện cá tính, từ mạnh mẽ sang trọng đến hiện đại trẻ trung. Thân máy siêu mỏng với 6.9 mm, nhẹ 183 g tạo nên một kiểu dáng đầy sexy. Kết hợp với các góc cạnh được bo cong hoàn hảo mang đến cảm giác cầm nắm thoải mái, thư thái suốt cả ngày. Samsung Galaxy Z Flip3 5G 256GB | Thân máy siêu mỏng nhẹ. Không những đẹp mắt, máy còn mang đến sự tiện lợi khi được thiết kế màn hình gập độc đáo. Khi gập lại người dùng có thể bỏ vào túi quần hay túi áo một cách một cách dễ dàng mà không gây khó chịu. Samsung Galaxy Z Flip3 5G 256GB | Trạng thái khi gập lại. Dù là một thiết bị có ngoại hình hiện đại và sang trọng nhưng Samsung Galaxy Z Flip3 5G vẫn không kém phần cứng cáp khi được chế tác từ hợp kim nhôm Armor Aluminum cao cấp, dù vô tình làm rơi hay va đập mạnh máy vẫn có khả năng sống sót cao. Samsung Galaxy Z Flip3 5G 256GB | Khung viền nhôm cao cấp nhất thế giới smartphone. Về bảo mật, Galaxy Z Flip3 5G có một máy quét dấu vân tay gắn cạnh bên và tính năng nhận dạng khuôn mặt cho người dùng mở khóa nhanh chóng. Samsung Galaxy Z Flip3 5G 256GB | Cảm biến vân tay ở cạnh viền. Đặc biệt, Galaxy Z Flip3 5G là một trong những smartphone màn hình gập đầu tiên được chứng nhận kháng nước chuẩn IPX8, với khả năng trụ dưới nước 1.5 mét lên đến 30 phút cực kỳ ấn tượng, phá bỏ mọi định kiến về độ bền, khả năng chống chịu của loại smartphone này. Công nghệ màn hình Dynamic AMOLED 2X cùng độ phân giải Full HD+ cho màu sắc hiển thị rực rỡ, mọi chi tiết được tái hiện một cách chân thực.', 1, '2021-11-07 06:27:03'),
(27, 'Điện thoại Xiaomi Redmi Note 10S', 3, 1, 6490000, 'xiaomi-redmi-note-10s-trang-600x600.jpg', 'Redmi Note 10S được trang bị bộ bốn camera với camera chính 64 MP khẩu độ f/1.79 cho khả năng lấy nét nhanh giúp ghi lại những khoảnh khắc đáng nhớ xung quanh bất kỳ lúc nào bạn muốn. Ngoài ra, camera 8 MP khẩu độ f/2.2 chụp góc siêu rộng 118° bắt trọn mọi khung cảnh rộng lớn trong cuộc sống như núi rừng hùng vĩ, biển cả xa xôi một cách chi tiết nhất, tất cả đều có thể thực hiện dễ dàng với Redmi Note 10S.  Bộ đôi camera 2 MP khẩu độ f/2.4 chụp macro và xóa phông cho tấm ảnh chân dung của bạn trở nên nghệ thuật và lôi cuốn hơn cũng như cho bạn khám phá những góc nhìn siêu gần của môi trường xung quanh. Camera trước trên Redmi Note 10S có độ phân giải 13 MP hỗ trợ nhiều chức năng làm đẹp thông minh để mang đến cho bạn những bức ảnh selfie đẹp tự nhiên mà không cần phải chỉnh sửa quá nhiều. Redmi Note 10S trang bị màn hình kích thước 6.43 inch, không quá to để bạn dễ dàng cầm nắm và với độ phân giải Full HD+ mang lại khả năng hiển thị màu sắc sinh động, sắc nét.  Máy có độ sáng cao đạt 1100 nits, dưới ánh sáng mạnh hoặc ngoài trời đều rất sáng và dễ nhìn, khắc phục nhược điểm khó nhìn của màn hình trước đó. Có thiết kế đục lỗ nên màn hình gần như bao phủ trọn mặt trước với viền mỏng mang đến trải nghiệm sử dụng rộng rãi, nhiều chi tiết cho bạn giây phút đắm chìm trong không gian giải trí thực sự. Trải nghiệm thực tế Redmi Note 10S mang lại màu sắc tươi, độ tương phản tốt và cũng rất sắc nét, trải nghiệm chơi game hay xem video trên màn hình này đều rất sướng mắt.\r\n\r\n', 0, '2021-11-07 06:29:43'),
(28, 'Tai nghe Bluetooth Wireless Xiaomi 2 ', 3, 4, 790000, 'bluetooth-tws-xiaomi-earbuds-basic-2-ava-1-600x600.jpg', 'Tai nghe Bluetooth True Wireless Xiaomi Earbuds Basic 2 BHR4272GL có kích thước nhỏ gọn chỉ nặng 35.4 g không hề nặng tai khi sử dụng lâu. Tai nghe tặng kèm 2 nút đệm tai với kích thước khác nhau giúp bạn dễ dàng lựa chọn phù hợp với tai tránh lỏng lẻo, rơi rớt. Màng loa của tai nghe có kích thước 7.2 mm cho âm bass các thêm dày và sâu, bạn có thể tận hưởng các bản nhạc EDM, Pop, Rock,... một cách trọn vẹn không bị nửa vời.  Tai nghe Bluetooth Xiaomi sử dụng công nghệ lọc âm, khử ồn DSP. Công nghệ này sẽ phân tích và loại bỏ các tín hiệu nhiễu giúp bạn thưởng thức âm nhạc tuyệt vời, tập trung vào cuộc đàm thoại hơn. Nghe gọi dễ dàng với micro được tích hợp trên tai nghe. Trước đây khi đi hồ bơi hay những ngày ẩm thấp, mưa rào bạn sẽ không sử dụng tai nghe vì lo lắng nó sẽ bị dính nước gây hỏng hóc không thể sử dụng được nữa, thì giờ đây bạn có thể yên tâm sử dụng bởi chiếc tai nghe Xiaomi này được trang bị công nghệ chống nước IPX4 có khả năng bảo vệ tai nghe trước những tia nước. Khi sử dụng 2 tai nghe cùng lúc để nghe nhạc hay đàm thoại thời gian dùng khoảng 4 giờ, còn khi bạn chỉ dùng 1 bên tai nghe thì thời gian sử dụng là 5 giờ. Hộp sạc thời lượng pin 12 tiếng, tức là có thể sạc cho tai nghe được 3 lần. Khi sử dụng hết pin bạn có thể sạc đầy lại cho tai nghe trong 1.5 giờ, còn thời gian sạc đầy cho hộp sạc là 2 giờ.  Tai nghe Bluetooth True Wireless có thể sử dụng độc lập từng chiếc, bạn có thể dùng 1 chiếc để đàm thoại khi đang lái xe mà không gây mất tập trung  Tai nghe Bluetooth True Wireless Xiaomi sử dụng kết nối Bluetooth 5.0 cho phạm vi kết nối ổn định lên đến 10 m, tương thích với tất cả các thiết bị sử dụng hệ điều hành Android, Windows, iOS,...', 0, '2021-11-07 13:34:45');
INSERT INTO `products` (`id`, `name`, `manu_id`, `type_id`, `price`, `image`, `description`, `feature`, `created_at`) VALUES
(29, 'Điện thoại iPhone 13 Pro Max 256GB', 1, 1, 36990000, 'iphone-13-pro-max-gold-1-600x600.jpg', 'iPhone 13 Pro Max vẫn sẽ kế thừa thiết kế đặc trưng của iPhone 12 Series, vẫn là một sản phẩm với khung viền được hoàn thiện từ thép không gỉ, hai mặt trước sau được trang bị kính cường lực bóng bẩy. Điểm thay đổi lớn trên 13 Pro Max có thể là phần module camera được làm to hơn khá nhiều, phần cạnh viền máy được vát phẳng sang trọng cùng bốn góc được làm bo cong nhẹ, phủ một lớp mờ giúp hạn chế bám bụi bẩn và vân tay. Ngoài ra, iPhone 13 Pro Max cũng sẽ đảm bảo được khả năng kháng nước và bụi với chuẩn IP68 và sẽ được ra mắt với nhiều tùy chọn màu sắc khác nhau bao gồm một số màu nổi bật như: Vàng, bạc, xanh dương và xám. Các thông số màn hình của iPhone 13 Pro Max gồm: Kích thước lớn 6.7 inch, tấm nền Super Retina XDR OLED và độ phân giải 1284 x 2778 Pixels cho mật độ điểm ảnh 458 ppi với khả năng hiển thị màu sắc nét độ chi tiết cao mang tới trải nghiệm giải trí cực đã.  Phần tai thỏ phía trước cũng được Apple tinh chỉnh thu gọn khoảng 20% so với thế hệ trước mang đến không gian hiển thị lớn hơn cho người dùng trải nghiệm.  Không chỉ mãn nhãn với màn hình Super Retina XDR, iPhone 13 Pro Max còn được trang bị công nghệ ProMotion, giúp mọi trải nghiệm cảm ứng từ vuốt, chạm, cuộn trang cho đến chơi game đều mượt mà một cách đáng kinh ngạc.  Công nghệ ProMotion cực kỳ xịn sò có khả năng tự động điều chỉnh tần số quét từ 10 - 120 Hz tùy thuộc vào tốc độ lướt và nội dung hiển thị. Nhờ đó dù có tần số làm tươi cao nhưng thời lượng pin vẫn hứa hẹn được cải thiện đáng kể. Ngoài ra, độ sáng màn hình trên iPhone 13 Pro Max được tăng lên 1200 nits khi hiển thị nội dung HDR, tích hợp những tính năng bổ trợ khác như Dolby Vision, True Tone hoặc gam màu rộng P3 mang đến cho người dùng chất lượng hiển thị sắc nét và chân thực đến từng chi tiết.\r\n\r\n', 1, '2021-11-07 05:45:01'),
(30, 'Laptop Lenovo Yoga Slim 7 14ITL05 i7 1165G7/8GB/512GB/Win10', 6, 2, 27490000, 'lenovo-yoga-slim-7-14itl05-i7-1165g7-8gb-600x600.jpg', 'Laptop Lenovo độc đáo với lớp vỏ ngoài kim loại bền bỉ khẳng định cá tính, kết hợp cùng thiết kế bản lề chắc chắn có khả năng mở góc lên đến 180 độ cho phép người dùng thoải mái mở rộng góc nhìn, dễ dàng chia sẻ hình ảnh, dữ liệu mà không cần di chuyển máy phức tạp.\r\nLenovo Yoga Slim 7 14ITL05 i7 1165G7 (82A300DQVN) - Bản lề\r\nTrọng lượng nhẹ 1.36 kg, dày 14.9 mm, xứng đáng là một phiên bản cao cấp di động, thuận tiện cùng bạn di chuyển đến khắp mọi nơi mà không chiếm quá nhiều không gian.\r\nLenovo Yoga Slim 7 14ITL05 i7 1165G7 (82A300DQVN) - Thiết kế\r\nAn toàn với lớp bảo mật vân tay, cho phép bạn mở máy nhanh chóng, thanh toán trực tuyến hay truy cập dữ liệu nhanh chóng chỉ với một chạm.', 1, '2021-11-08 11:06:53'),
(31, 'Apple Watch S6 LTE 40mm viền thép dây cao su ', 1, 5, 16991000, 'apple-watch-s6-lte-40mm-vien-thep-day-cao-su-xanh-la-thumb-600x600.jpg', 'Apple Watch S6 LTE 40mm viền thép dây cao su đen là một trong những dòng đồng hồ được ưa chuộng với thiết kế tinh tinh tế trong từng chi tiết, khung viền được gia công chắc chắn, dây đeo cao su đàn hồi tốt, màn hình sắc nét 1.57 inch hiển thị đủ thông tin. Đây là chiếc đồng hồ hứa hẹn đem đến cho bạn sự hài lòng khi đeo trên tay.\r\nCấu hình mạnh mẽ với bộ chip S6\r\nMẫu Apple Watch Series 6 này được trang bị chip xử lý Apple S6 với hiệu năng nhanh hơn 20% so với thế hệ chip Apple S5 trước đây. Người dùng sẽ có những phút giây trải nghiệm thú vị với những tác vụ mượt mà, không bị giật lag.\r\nHệ điều hành WatchOS 7 tối ưu\r\nHệ điều hành WatchOS 7 giúp cho hiệu năng đạt mức tốt nhất có thể. Chiếc đồng hồ phù hợp với nhiều đối tượng thuộc nhiều lứa tuổi khác nhau với những tính năng tiện ích được cập nhật ở hệ điều hành này như: Family Setup, nhận biết rửa tay, chia sẻ màn hình qua iMessages, Siri dịch nhanh,...', 1, '2021-11-07 06:47:46'),
(32, 'Tai nghe Bluetooth True Wireless Galaxy Buds Pro', 2, 4, 4990000, 'tai-nghe-bluetooth-true-wireless-galaxy-buds-pro-ava-1-600x600.jpg', 'Tai nghe Bluetooth True Wireless Samsung Buds Pro sở hữu vẻ ngoài đẹp mắt thời thượng với hai màu đen và trắng. Thiết kế mới trên hình dạng tai nghe cổ điển, có khả năng làm giảm bớt sự khó chịu khi sử dụng tai nghe trong nhiều giờ và tai nghe cũng nằm chắc chắn phía trong tai khi bạn tập luyện hay vận động. Đồng thời, các lỗ thoát khí giúp cân bằng áp suất trong tai và tăng lưu lượng không khí, tạo cảm giác mềm mại dễ chịu khi sử dụng.\r\nTai nghe có thiết kế nhỏ gọn nên bạn dễ dàng bỏ vào túi xách, balo và mang theo bên mình di chuyển mọi nơi. Ngoài ra, có kèm theo núm tai nghe với ba kích thước cho người dùng dễ thay đổi sao cho phù hợp.\r\nTai nghe Bluetooth True Wireless Samsung Buds Pro - Thiết kế thời thượng\r\nHộp sạc gọn đẹp, phía bên trong tích hợp nam châm giữ củ tai an toàn, hạn chế thất lạc.', 1, '2021-11-08 11:06:53'),
(33, 'Apple Watch Series 7 LTE 41mm', 1, 5, 14990000, 'apple-watch-series-7-lte-45mm-vien-thep-vang-thumb-660x600.jpg', 'Apple Watch S7 LTE 41 mm viền nhôm dây cao su có thiết kế được nâng cấp hơn so với phiên bản tiền nhiệm. Sở hữu vẻ ngoài sang trọng và hiện đại, Apple Watch S7 được thiết kế các góc bo tròn mềm mại với mặt đồng hồ được vác cong tạo cảm giác liền mạch hơn với khung viền. Phần khung viền được thiết kế mỏng hơn 40% và làm từ vật liệu nhôm tái chế 100% thân thiện với môi trường. Dây đeo cao su có độ đàn hồi tốt, thoải mái khi đeo và chống thấm mồ hôi hiệu quả.\r\nApple Watch Series 7 LTE 41mm - Thiết kế\r\nMàn hình OLED có độ sáng cao, sắc nét\r\nMặt đồng hồ sở hữu kích thước 1.61 inch có diện tích tăng 20% và nội dung hiển thị nhiều hơn 50% so với phiên bản cũ. Ở phiên bản này, Apple đã sử dụng tấm nền OLED có độ phân giải 484 x 369 pixels cho khả năng hiển thị sắc nét đến từng chi tiết. Các nút bấm trên màn hình cũng được thiết kế to hơn giúp người dùng dễ thao tác.', 1, '2021-11-07 06:55:01'),
(34, 'Samsung Galaxy Watch viền thép dây da', 2, 5, 3490000, 'samsung-galaxy-watch-active-2-40-mm-day-da3-thumb-1-1-600x600.jpg', '\r\n\r\nThiết kế tinh tế\r\nĐồng hồ thông minh Samsung Galaxy Watch Active 2 vẫn giữ nguyên thiết kế mặt tròn sang trọng, dây da mền mại, đường kính mặt 40 mm vừa vặn với cổ tay.\r\nTrở nên cá nhân hơn với mặt đồng hồ tùy biến linh hoạt theo sở thích cùng thiết kế dây tháo rời linh hoạt cho bạn tự do thay đổi màu dây theo ý muốn.\r\nĐồng hồ thông minh Samsung Galaxy Watch Active 2 sang trọng\r\nMàn hình sắc nét với độ phân giải cao\r\nMàn hình SUPER AMOLED 1.2 inch độ phân giải 360 x 360 pixels hiển thị hình ảnh chân thực, độ tương phản cao, màu sắc rực rỡ.\r\nKính cường lực Gorilla Glass giúp cho mặt kính đồng hồ được bảo vệ tốt hơn khi va chạm ngoại lực.\r\nĐồng hồ thông minh Samsung Galaxy Watch Active 2 hiển thị sắc nét\r\nTích hợp 7 chế độ tập luyện\r\nSamsung Galaxy Watch Active 2 sẽ có 7 bài tập cho bạn lựa chọn hằng ngày với những chế độ tập luyện khác nhau, một trợ thủ đắt lực cho việc nâng cao sức khỏe hằng ngày của bạn.', 0, '2021-11-07 07:02:27'),
(35, 'Điện thoại iPhone 13 Pro Max 128GB', 1, 1, 33990000, 'iphone-13-pro-max-sierra-blue-600x600.jpg', 'iPhone mới kế thừa thiết kế đặc trưng từ iPhone 12 Pro Max khi sở hữu khung viền vuông vức, mặt lưng kính cùng màn hình tai thỏ tràn viền nằm ở phía trước.\r\nThiết kế vuông vức đặc trưng - iPhone 13 Pro Max 128GB\r\nVới iPhone 13 Pro Max phần tai thỏ đã được thu gọn lại 20% so với thế hệ trước, không chỉ giải phóng nhiều không gian hiển thị hơn mà còn giúp mặt trước chiếc điện thoại trở nên hấp dẫn hơn mà vẫn đảm bảo được hoạt động của các cảm biến.\r\nMàn hình tai thỏ được tinh giản - iPhone 13 Pro Max 128GB\r\nĐiểm thay đổi dễ dàng nhận biết trên iPhone 13 Pro Max chính là kích thước của cảm biến camera sau được làm to hơn và để tăng độ nhận diện cho sản phẩm mới thì Apple cũng đã bổ sung một tùy chọn màu sắc Sierra Blue (màu xanh dương nhạt hơn so với Pacific Blue của iPhone 12 Pro Max).', 1, '2021-11-07 05:52:24'),
(36, 'Điện thoại Samsung Galaxy Z Fold3 5G 512GB', 2, 1, 44990000, 'samsung-galaxy-z-fold-3-green-1-600x600.jpg', 'Đầu tiên, khung viền Galaxy Z Fold3 được hoàn thiện bằng chất liệu Armor Aluminum cao cấp nhất từ trước đến giờ nhằm tăng cường được độ bền, mà vẫn đảm bảo được trọng lượng cân đối đem tới cảm giác vô cùng chắc chắn và cao cấp. \r\nSamsung Galaxy Z Fold3 5G | Thiết kế khung viền cao cấp\r\nNhờ đó, tổng thể máy cũng đã mỏng nhẹ hơn khi trọng lượng giảm xuống còn 271 g, độ dày phần bản lề khi gập lại còn 16 mm cho cảm giác cầm nắm, sử dụng điện thoại Z Fold3 giờ đây đã thoải mái và dễ chịu hơn rất nhiều.\r\nSamsung Galaxy Z Fold3 5G | Trọng lượng giảm so với tiền nhiệm\r\nKhi không dùng có thể gấp gọn như một cuốn sổ ghi chú nhỏ dễ dàng bỏ túi mang theo bên mình mọi lúc mọi nơi.', 1, '2021-11-07 06:19:25'),
(37, 'Samsung Galaxy Watch viền nhôm dây sillicone', 2, 5, 2490000, 'samsung-galaxy-watch-active-2-44-mm-sillicon-thumb-1-1-600x600.jpg', 'Galaxy Watch Active 2 mang thiết kế gọn gàng, mặt kính tròn 44 mm viền cong sang trọng tôn dáng tay. Dây đeo chất liệu Silicone mềm mại có thể tháo rời tiện lợi để bạn thay màu dây tùy ý. \r\nThiết kế đồng hồ thông minh Samsung Galaxy Watch Active 2 \r\nTối ưu hóa hiển thị\r\nMàn hình 1.4 inch rộng rãi cho bạn sự thoải mái khi xem giờ. Công nghệ màn hình SUPER AMOLED hiển thị cực sắc nét mọi thông tin, màn hình có chiều sâu, hơn nữa lại tiết kiệm pin đáng kể. \r\nChăm sóc sức khỏe cá nhân \r\nĐồng hồ thông minh theo dõi sức khỏe của bạn hằng ngày bằng các tính năng đo nhịp tim, theo dõi và phân tích giấc ngủ nông sâu mỗi đêm.\r\nSamsung Galaxy Watch Active 2 còn phát hiện và cảnh báo tình trạng căng thẳng, kèm theo là các bài hướng dẫn giúp giảm căng thẳng đáng kể.', 0, '2021-11-07 07:07:53'),
(38, 'Đồng hồ thông minh Mi Watch ', 3, 5, 2590000, 'mi-watch-xanh-thumb-600x600.jpg', 'Đồng hồ thông minh Mi Watch này mang phong cách trẻ trung, cá tính và đậm chất thể thao. Đồng hồ được trang bị công nghệ màn hình AMOLED với kích thước 1.39 inch cùng độ phân giải 454 x 454 pixels và độ sáng lên đến 450 nits giúp người dùng có thể quan sát thông tin rõ nét, chất lượng. Bên cạnh đó, đồng hồ còn được trang bị mặt kính cường lực Gorilla Glass 3 hạn chế trầy xước và tăng độ bền cho thiết bị. \r\nTrọng lượng siêu nhẹ\r\nĐồng hồ thông minh có trọng lượng 32 gram siêu nhẹ với khung viền nhựa tạo cảm giác thoải mái cho người dùng khi đeo đồng hồ trong suốt ngày dài. Đi kèm là dây đeo silicone mềm mại, mỏng nhẹ và ôm cổ tay, dây đeo này có thể tháo rời giúp người dùng có thể vệ sinh đồng hồ một cách tiện lợi và dễ dàng.', 1, '2021-11-07 07:07:53'),
(39, 'Điện thoại Xiaomi 11 Lite 5G NE pink', 3, 1, 9490000, 'xiaomi-11-lite-5g-ne-pink-600x600.jpg', 'Máy được chế tác nguyên khối, sở hữu một thân hình siêu mỏng nhẹ chỉ có trọng lượng 158 g và mỏng 6.8 mm, tạo cảm giác cầm nắm thoải mái, để vào túi quần hay túi áo cũng không quá nặng nề. \r\nThiết kế mỏng nhẹ, trẻ trung - Xiaomi 11 Lite 5G NE\r\nThiết kế mặt lưng bằng phẳng với cụm camera được đặt trong một mô-đun hình vuông bo cong nhẹ các góc và chỉ nhô ra 1.77 mm so với mặt lưng, mang đến sự cân đối khi nhìn vào tổng thể. Máy lên kệ với 4 màu sắc tuỳ chọn là trắng, xanh, hồng và đen phù hợp với mọi cá tính, sở thích.\r\nCó nhiều màu sắc để lựa chọn - Xiaomi 11 Lite 5G NE\r\nBảo mật vân tay với cảm biến được trang bị ở cạnh viền, khi cầm máy lên bạn có thể sẵn tay mở luôn vô cùng nhanh chóng, cũng như khả năng bảo vệ tốt thông tin riêng tư bên trong máy.', 1, '2021-11-08 10:10:21'),
(40, 'Vòng đeo tay thông minh Oppo Band', 4, 5, 711000, 'oppo-band-thumb-600x600.jpg', 'Vòng đeo tay thông minh Oppo Band mang đến một diện mạo mới - đầy cá tính và năng động. Dây đeo silicone nhẹ nhàng, không thấm nước, cho bạn thỏa sức hoạt động suốt cả ngày mà không lo tù bí, nặng tay. Màn hình AMOLED 1.1 inch vừa phải, tạo cảm giác thanh lịch khi đeo trên tay nhưng cũng vừa đủ để bạn quan sát thông tin hiển thị một cách dễ dàng.\r\nMặt khác, chiếc vòng đeo tay còn được trang bị mặt kính cường lực cong 2.5D có độ cứng cao, khó nứt vỡ, sẵn sàng đồng hành cùng bạn trước những hoạt động thường ngày khác.\r\nVòng đeo tay thông minh Oppo Band có thiết kế năng động\r\nThời lượng pin lên đến 12 ngày\r\nĐược trang bị viên pin 100 mAh với thời lượng pin sử dụng đến 12 ngày. Đây thật sự là một con số lý tưởng cho một chiếc vòng đeo tay. Bạn có thể thoải mái tận hưởng những chuyến du lịch, tham gia các chuyến công tác dài ngày mà không cần đem theo dây sạc. Không những thế, chỉ mất 1.5 giờ để nạp pin, bạn có thể tiếp tục trải nghiệm mà không lo lắng gián đoạn giữa chừng.', 0, '2021-11-08 07:11:43'),
(41, 'Laptop Lenovo Yoga Duet 7 13IML05 i5 10210U/8GB/512GB/Touch', 6, 2, 26590000, 'lenovo-yoga-duet-7-13iml05-i5-82as007bvn-153521-023547-600x600.jpg', 'Với trọng lượng 1.1683 kg (bao gồm máy là 0.7988 kg và bàn phím và 0.3695 kg), Yoga Duet 7 đủ nhẹ và linh hoạt để sử dụng ở mọi nơi. \r\nĐộ dày chỉ 9.19 mm thì bạn có thể dễ dàng cho vào túi xách và mang theo đi bất cứ đâu mà mình muốn.\r\nChân đế có thể điều chỉnh nhiều góc độ khác nhau giúp việc phác thảo, đánh máy hay xem phim,... đều có trải nghiệm thoải mái nhất. \r\nlaptop Lenovo Yoga Duet 7 13IML05 i5 (82AS007BVN) - Thiết kế\r\nTuy Lenovo Yoga Duet 7 được xếp vào hàng laptop nhưng điểm đặc biệt cũng chiếc máy tính xách tay này là bàn phím Bluetooth có thể tháo rời, đồng nghĩa với việc khi bạn tháo bàn phím ra thì Yoga Duet 7 trở thành một chiếc máy tính bảng thời thượng.\r\nVới tính năng mở khoá bằng khuôn mặt thông minh, Lenovo Yoga Duet 7 sẽ giúp bạn tiết kiệm thời gian và công sức khi việc đăng nhập giờ đây chỉ bằng một nụ cười và sẽ tự động đăng xuất khi bạn rời đi. ', 1, '2021-11-07 06:36:54'),
(42, 'Laptop Lenovo ThinkBook 14s G2 ITL i7 1165G7/8GB/512GB/Win10', 6, 2, 24990000, 'lenovo-thinkbook-14s-g2-itl-i7-20va000mvn-600x600.jpg', 'Lenovo trang bị cho ThinkBook 14s G2 ITL con chip Intel Core i7 Tiger Lake có xung nhịp trung bình là 2.8 GHz và hỗ trợ khả năng Turbo boost lên đến 4.7 GHz giúp bạn tối ưu hiệu suất làm việc từ Word, Excel,... cho đến các phần mềm hiệu năng cao hơn như đồ hoạ, lập trình.\r\nCard đồ hoạ Intel Iris Xe Graphics cho bạn tận hưởng sự mượt mà cũng như độ sắc nét khi xem phim, giải trí hay thiết kế 2D, render video trên Photoshop, Ai, Premiere,...\r\nBộ nhớ RAM 8 GB loại DDR4 với tốc độ Bus Ram 4266 MHz xử lí đa nhiệm mượt mà, giúp đọc dữ liệu nhanh hơn, bạn có thể mở 30 tab Chrome cùng lúc, chuyển từ ứng dụng này sang ứng dụng khác mà không bị giật lag, đáp ứng mọi nhu cầu công việc.\r\nỔ cứng SSD 512 GB NVMe PCIe cho tốc độ khởi động máy và chạy phần mềm cực kỳ nhanh chóng chỉ trong vài giây. Giúp máy hoạt động êm ái, mát hơn khi sử dụng và lượng điện năng tiêu hao cũng ít hơn. Bên cạnh đó, bạn có thể lưu trữ thoải mái các tệp tin, hình ảnh hay video,...', 1, '2021-11-07 06:36:54'),
(43, 'Máy tính bảng iPad mini 6 WiFi Cellular 256GB ', 1, 3, 24990000, 'ipad-mini-6-wifi-cellular-purple-1-600x600.jpg', 'iPad mini 6 có thiết kế bên ngoài được thừa hưởng từ dòng iPad Pro nhưng với kích thước nhỏ gọn hơn, giúp bạn dễ dàng mang đi bất cứ đâu, sẵn sàng học tập, làm việc hay giải trí mà không hề có cảm giác vướng víu.\r\nThiết kế nguyên khối sang trọng - iPad mini 6 WiFi Cellular 256GB\r\nMáy có trọng lượng chỉ 297 g giúp bạn có thể sử dụng lâu mà không cảm thấy mỏi tay. Khung máy được làm từ kim loại vừa chắc chắn vừa tạo nên một vẻ ngoài sang trọng khi bạn cầm trên tay.\r\nKích thước nhỏ gọn - iPad mini 6 WiFi Cellular 256GB\r\niPad mini 6 có 4 phiên bản màu sắc là Xám, Tím, Trắng và Hồng đáp ứng mọi sở thích của người dùng, giờ đây bạn có thể sở hữu một thiết bị công nghệ có màu sắc ưng ý thay vì các màu xám hay bạc đơn điệu như trước đây.', 1, '2021-11-07 07:01:05'),
(44, 'Máy tính bảng iPad 9 WiFi Cellular 256GB', 1, 3, 18990000, 'ipad-gen-9-wifi-cellular-grey-600x600.jpg', 'iPad 9 sử dụng tấm nền IPS LCD với công nghệ Retina độc quyền từ Apple có độ phân giải cao 1620 x 2160 Pixels, độ sáng lên tới 500 nits cho màu sắc sinh động, hình ảnh rõ ràng đến từng chi tiết nhỏ. Kích thước tiêu chuẩn 10.2 inch phù hợp để làm việc theo nhóm, xem bóng đá hoặc thiết kế tuyệt tác tiếp theo của bạn.\r\nTrang bị tấm nền IPS LCD 10.2 inch - iPad 9 WiFi Cellular 256GB\r\nTính năng True Tone cũng đã được tích hợp trên iPad 9 có khả năng cảm nhận độ sáng và nhiệt độ màu của môi trường xung quanh, từ đó tự động điều chỉnh màu sắc, độ sáng màn hình phù hợp hơn với mắt của bạn.\r\n\r\n', 1, '2021-11-07 07:01:05'),
(45, 'Tai nghe Bluetooth 1 Apple MLWK3 Trắng', 1, 4, 6790000, 'bluetooth-airpods-pro-magsafe-charge-apple-mlwk3-avatar-600x600.jpg', 'Tai nghe Bluetooth AirPods Pro MagSafe Charge Apple MLWK3 trắng được chế tác với vẻ ngoài tinh giản, gam màu trắng trẻ trung, sáng đẹp, phối hợp tuyệt vời với mọi trang phục từ đời thường đến công sở, dự tiệc của bạn. \r\nKích thước housing nhỏ nhắn đi kèm 3 kích cỡ nút tai mềm mại khác nhau cho bạn dễ dàng lựa chọn để đảm bảo đeo tai nghe dạng in-ear thoải mái, bám chặt vào khổ tai và hỗ trợ loại bỏ tiếng ồn tối ưu. Mặt khác, hộp sạc có dạng hình chữ nhật đặt tai nghe kiểu đứng gọn gàng, an toàn với bản lề thiết kế vừa khít.\r\nTận hưởng chất âm cuốn hút, được điều chỉnh hoàn hảo cho đôi tai bạn với chip H1 hiện đại cùng công nghệ Adaptive EQ\r\nChip H1 do Apple thiết kế giảm độ trễ âm thanh xuống thấp, xử lý âm thanh kỹ thuật số tinh vi cho các dải âm tinh khiết, âm trầm mạnh mẽ. Adaptive EQ tự động điều chỉnh dải tần số thấp và trung để bài hát bạn đang thưởng thức tương thích cho cấu tạo tai của bạn, mang đến trải nghiệm nhất quán, phong phú hơn.', 0, '2021-11-07 13:25:16'),
(46, 'Tai nghe Bluetooth AirPods 3 Apple MME73 ', 1, 4, 5490000, 'tai-nghe-bluetooth-airpods-3-191021-085229-600x600.jpg', 'Airpods 3 có thiết kế tương tự như AirPods Pro nhưng không còn phần eartips, đường viền và thân ngắn hơn cho âm thanh truyền tải đến tai tối ưu. Bề mặt tai nghe Bluetooth Apple phủ sắc trắng thời thượng, được làm từ các vật liệu tái chế với độ bền cao, bảo vệ môi trường sống của con người. \r\nHousing có độ bám tốt, đeo vừa vặn, hộp sạc có kích cỡ nhỏ gọn, đóng mở nhẹ nhàng, thiết kế chuyên dụng để đựng housing Airpods 3, đảm bảo an toàn khi di chuyển, hạn chế thất lạc và sạc pin thuận tiện. \r\nTai nghe Bluetooth AirPods 3 Apple MME73 Trắng - Tai nghe Bluetooth vẻ ngoài tinh giản, sang trọng\r\nChất âm mạnh mẽ bùng nổ quanh bạn nhờ Spatial audio và chip H1\r\nÂm thanh 3 chiều phủ khắp đôi tai bạn cho cảm giác như đang ngồi trong rạp hát, hơn nữa, Apple còn tích hợp cho tai nghe trình điều khiển động được hỗ trợ bởi bộ khuếch đại tùy chỉnh, mang đến âm thanh chi tiết từ âm trầm đến âm cao.', 1, '2021-11-07 13:25:16'),
(47, 'Oppo Watch 46mm dây silicone vàng đồng', 4, 5, 5752000, 'oppo-watch-46mm-day-silicone-hong-thumb-1-1-600x600.jpg', 'Đồng hồ thông minh Oppo Watch màu vàng hồng phiên bản 46mm sử dụng mặt đồng hồ vuông, bo cong nhẹ ở 4 cạnh, cùng với mặt kính vát cong 2D có chiều sâu tạo cảm giác như mặt kính cong 3D, màn hình AMOLED 1.91 inch độ phân giải 402 x 476 pixels cho chất lượng hiển thị sắc nét. Dây đeo silicone cho cảm giác mang được dễ chịu và thoải mái.\r\nDù vẻ ngoài khá giống với Apple Watch, tuy nhiên Oppo Watch vẫn có một số điểm khác như:\r\n- Cạnh trái là nơi đặt loa ngoài dùng để phát nhạc, cũng như đàm thoại.\r\n- Cạnh phải là nơi đặt hai phím cứng, trong đó phím home có thêm đường chỉ xanh chạy dọc.\r\n- Mặt sau được trang bị các cảm biến để đo nhịp tim và logo OPPO.\r\nĐồng hồ Oppo Watch 46mm dây silicone vàng hồng có thiết kế tinh tế, sang trọng\r\n', 1, '2021-11-07 07:14:54'),
(48, 'Oppo Watch 41mm dây silicone đen', 4, 5, 6490000, 'oppo-watch-41mm-day-silicone-den-thumb-1-1-600x600.jpg', 'Đồng hồ thông minh Oppo Watch màu đen phiên bản 41mm sử dụng mặt đồng hồ dạng hình vuông với 4 góc bo tròn nhẹ, màn hình AMOLED 1.6 inch (320 x 360 pixels) cùng mật độ điểm ảnh 326ppi cho chất lượng hiển thị cực kì rõ nét. Dây đeo silicone tạo cảm giác vô cùng mềm mại, không bị đau khi đeo lâu.\r\nOppo Watch mang nhiều điểm khá giống với Apple watch, tuy vậy vẫn có một số điểm khác như:\r\n+ Ở cạnh trái là loa dùng để phát nhạc và thực hiện nghe gọi.\r\n+ Ở cạnh phải là 2 phím cứng vật lý, không có núm xoay Digital Crown như Apple Watch.\r\n+ Ở mặt sau trang bị các đèn cảm biến và logo của Oppo.', 1, '2021-11-07 07:04:02'),
(49, 'Tai nghe Bluetooth LG Tone Free HBS-FN4 ', 5, 4, 2790000, 'tai-nghe-bluetooth-true-wireless-lg-hbs-fn4-avatar-1-1-600x600.jpg', 'Chất liệu silicone sử dụng cho vòng đệm là loại dùng trong y khoa, êm mềm, không gây kích ứng, an toàn cho mọi người dùng.\r\nĐặc biệt, tai nghe ngưng và phát nhạc tự động thông qua hệ cảm biến khi tai nghe được gắn hoặc tháo rời khỏi tai người dùng, tiết kiệm pin hiệu quả cho thiết bị.\r\nCách âm tốt - Tai nghe Bluetooth True Wireless LG HBS-FN4\r\nÂm thanh chất lượng cao với âm bass mạnh mẽ, rành mạch qua củ loa 6 mm và công nghệ âm thanh tiên tiến của Meridian \r\nTối ưu hóa âm thanh trong mọi không gian nhờ công nghệ Xử lý Tín hiệu Số (DSP) kiểm soát tuyệt đối tín hiệu âm thanh ở cả nơi yên tĩnh đến ồn ào náo nhiệt.', 0, '2021-11-08 11:14:41'),
(50, 'Tai nghe Bluetooth Samsung Galaxy 2 R177N', 2, 4, 2990000, 'bluetooth-true-wireless-samsung-buds-2-r177n-avatar2-600x600.jpg', 'Bao phủ bên ngoài mỗi hộp sạc Galaxy Buds 2 R177N là gam màu trắng thuần khiết, khi mở hộp ra, tràn khắp mặt trong hộp và housing là những màu sắc độc đáo, tuyệt đẹp gồm đen Graphite, tím Lavender và xanh Olive.\r\nKiểu dáng hộp sạc gọn gàng, các cạnh bo tròn mềm mại, housing kiểu in-ear nhỏ nhắn, chỉ 5 gram sử dụng nút tai silicone 3 kích cỡ êm ái cho bạn đeo tai nghe vừa khít, dễ chịu, không cấn, đau ngay cả khi đeo trong thời gian dài. \r\nTai nghe Bluetooth True Wireless Samsung Galaxy Buds 2 R177N - Galaxy Buds 2 R177N nhỏ nhẹ, 3 phiên bản thời thượng\r\nÂm thanh studio sống động với loa 2 chiều AKG\r\nTai nghe True Wireless hỗ trợ 2 driver Woofer và Tweeter tinh chỉnh âm thanh bởi AKG, tái tạo các dải âm tách bạch, âm trầm sâu dày, nghe được nhiều thể loại nhạc khác nhau.', 1, '2021-11-07 13:31:09'),
(51, 'Điện thoại OPPO Reno6 5g-aurora Z 5G', 4, 1, 9490000, 'oppo-reno6-z-5g-aurora-1-600x600.jpg', 'Hệ thống camera sau được trang bị tối tân, trong đó có camera chính 64 MP, camera góc siêu rộng 8 MP và camera macro 2 MP cùng camera trước 32 MP luôn sẵn sàng bắt trọn mọi cảm xúc trong khung hình, giúp người dùng thoải mái ghi lại những khoảnh khắc trong cuộc sống một cách ấn tượng nhất.\r\nOPPO Reno6 Z 5G - Cụm camera sau\r\nCamera chính có độ phân giải cao và nhờ thuật toán có thể tăng độ phân giải bức ảnh lên đến 108 MP. Với tính năng này, chúng ta sẽ rất dễ dàng chụp được những bức ảnh đông người hay các cảnh vật ở xa và khi zoom lên các chi tiết vẫn rất rõ nét.', 0, '2021-11-07 19:12:04'),
(52, 'Apple Watch S6 LTE 44mm viền nhôm dây cao su', 1, 5, 11992000, 's6-lte-44mm-vien-nhom-day-cao-su-xanh-thumb-1-600x600.jpg', 'Thiết kế tinh tế làm toát lên nét sang trọng, hiện đại của một hãng đồng hồ cao cấp\r\nApple Watch S6 LTE 44mm viền nhôm dây cao su xanh dương mang nét thanh lịch, các chi tiết được gia công chắc chắn, tinh xảo. Màn hình OLED 1.78 inch với thiết kế tràn viền giúp hình ảnh hiển thị rõ nét, chân thực. Nhờ có mặt kính Ion-X strengthened glass cứng cáp, chống trầy xước và chống va đập hiệu quả, đồng hồ an toàn trước những va chạm thường ngày. Dây đeo silicone êm nhẹ, độ đàn hồi cao, cho người dùng cảm giác dễ chịu suốt ngày dài.\r\nApple Watch S6 LTE 44mm viền nhôm dây cao su xanh dương sở hữu thiết kế hiện đại\r\nBộ vi xử lý S6 cho hiệu năng cao hơn 20% so với dòng chip S5\r\nApple Watch Series 6 được trang bị con chip S6 hoàn toàn mới, đây là một bước cải tiến vượt bậc, cho hiệu năng cao hơn 20% so với dòng chip đời trước, cho người dùng thao tác lướt mượt mà, không lo giật lag.', 1, '2021-11-07 19:16:00'),
(53, 'Vòng đeo tay thông minh Mi Band 6', 3, 5, 990000, 'mi-band-6-thumb-1-1-600x600.jpg', 'Vòng đeo tay thông minh Mi Band 6 là phiên bản đáng mong đợi của nhà Xiaomi với thiết kế màn hình tràn viền cho bạn góc nhìn tốt hơn. Mặt kính cường lực chống trầy xước tốt cùng dây đeo cao su với thiết kế ôm trọn cổ tay, không thấm nước khi đeo, mang lại cho bạn cảm giác dễ chịu cả ngày dài\r\nThiết kế màn hình tràn viền - trải nghiệm thú vị hơn\r\nMàn hình cảm ứng AMOLED và độ sáng tối đa được tăng cường lên ngưỡng 450 nits, điều này giúp nâng cao chất lượng hình ảnh đầu ra từ các vị trí góc nhìn mở rộng, cho khả năng hiển thị ngoài trời được tốt hơn. Mặt kính cường lực bảo vệ đồng hồ khi va đập và trầy xước, tăng độ bền cho thiết bị.\r\nMàn hình 1.56 inch cùng độ phân giải là 152 x 486 pixels, lớn hơn khoảng 50% so với Mi Band 5 (Mi Band 5 có màn hình 1.1 inch). Mật độ điểm ảnh trên Mi Band 6 được nâng cấp lên đến 326ppi, giúp cho các chi tiết trên màn hình được hiển thị sắc nét hơn.', 0, '2021-11-08 10:46:21'),
(54, 'Máy tính bảng Samsung Galaxy Tab S6 Lite', 2, 3, 9990000, 'samsung-galaxy-tab-s6-lite-600x600-2-600x600.jpg', 'Máy tính bảng Galaxy Tab S6 Lite sở hữu thiết ấn tượng với độ dày chỉ 7mm và trọng lượng siêu nhẹ 467g, giúp người dùng dễ dàng bỏ vào túi xách hay mang theo bất kì đâu.\r\nToàn thân của máy được chế tác từ kim loại nguyên khối cao cấp, đảm bảo độ bền và cho vẻ đẹp sang trọng, thanh thoát.\r\nMặt sau của Tab S6 Lite được thiết kế tổng thể được làm tối giản giúp chiếc máy trông hiện đại hơn. Dải anten lớn phân tách các thành phần kim loại giúp thiết bị bắt sóng tốt và ổn định hơn.\r\nBút S Pen mới tối ưu hiệu suất sử dụng\r\nTương tự như trên Tab S6, phiên bản S6 Lite cũng được trang bị bút S Pen làm trợ thủ đắc lực trong các công việc hàng ngày.\r\nBút S Pen mới trên Tab S6 Lite được thiết kế lớn hơn với kích thước tương tự như cây bút thông thường cho cảm giác cầm tự nhiên và thoải mái. Tối ưu năng suất viết, vẽ trên máy.', 1, '2021-11-08 11:00:26'),
(55, 'Samsung Galaxy Watch Active viền thép dây da', 2, 5, 5490000, 'samsung-galaxy-watch-active-2-44-mm-day-da-thumb-1-1-600x600.jpg', 'Đồng hồ thông minh Samsung Galaxy Watch Active 2 44mm là phiên bản có sự cải tiến về công nghệ để mang đến những trải nghiệm tốt nhất cho người dùng với nhiều tính năng chăm sóc sức khỏe, nhận cuộc gọi trực tiếp cũng như nhiều tính năng tiện ích khác.\r\n7 chế độ luyện tập nâng cao sức khỏe\r\nĐồng hồ thông minh Samsung Galaxy Watch Active 2 thực sự là huấn luyện viên thể thao chuyên nghiệp của bạn với việc tích hợp những chế độ luyện tập khác nhau cho phù hợp với cơ địa và thể trạng của từng người.\r\nĐồng hồ thông minh Samsung Galaxy Watch Active 2 có nhiều chế độ luyện tập\r\nNhững thông số về quãng đường chạy, đếm số bước chân, lượng calories tiêu thụ sẽ là tư liệu để cho bạn kiểm soát tốt các chế độ luyện tập hằng ngày.\r\nTheo dõi giấc ngủ - đo nhịp tim - cảnh báo stress\r\nChiếc đồng hồ thông minh này sẽ giúp bạn theo dõi nhịp tim chính xác 24/24 ngay cả khi bạn đang ngủ và cảnh báo nếu nhịp tim thay đổi bất thường.\r\n', 0, '2021-11-08 10:46:21'),
(56, 'Apple Watch SE 40mm viền nhôm dây cao su', 1, 5, 8450000, 'se-40mm-vien-nhom-day-cao-su-hong-thumb-1-600x600.jpg', 'Apple Watch SE 40mm viền nhôm dây cao su hồng có khung viền chắc chắn, thiết kế bo tròn 4 góc giúp thao tác vuốt chạm thoải mái hơn. Mặt kính cường lực Ion-X strengthened glass với kích thước 1.57 inch, hiển thị rõ ràng. Khung viền nhôm chắc chắn cùng dây đeo cao su có độ đàn hồi cao, êm ái, tạo cảm giác thoải mái khi đeo.\r\nApple Watch SE 40mm viền nhôm dây cao su hồng - thiết kế\r\nChip xử lý S5 giúp cải thiện hiệu năng sản phẩm\r\nApple Watch SE được trang bị chip S5 cho tốc độ xử lý nhanh gấp 2 lần so với phiên bản Apple Watch S3, giúp đồng hồ hoạt động mượt mà, ổn định, đem lại những trải nghiệm thú vị.\r\nApple Watch SE 40mm viền nhôm dây cao su hồng - chip S5\r\n', 1, '2021-11-07 06:54:03'),
(57, 'Máy tính bảng Huawei MatePad T8', 7, 3, 3290000, 'huawei-matepad-t8-xanh-600x600.jpg', 'Máy tính bảng Huawei MatePad T8 mang cho mình thiết kế chắc chắn, viền màn hình 2 bên mỏng tạo cho trải nghiệm xem rộng rãi và cảm giác cầm nắm tốt.\r\nMàn hình giải trí lớn của Huawei MatePad T8\r\nMáy được trang bị màn hình kích thước 8 inch với độ phân giải HD 1280x800 pixel, tuy màn hình có độ phân giải không cao, nhưng vẫn đảm bảo chất lượng hiển thị tốt, màu sắc rõ ràng nhờ vào công nghệ màn hình IPS.\r\nCấu hình khá tốt trong tầm giá\r\nHuawei MatePad T8 sở hữu vi xử lý MediaTek MT8768 8 nhân, RAM 2 GB giúp chiếc máy tính bảng này có thể đáp ứng tốt các nhu cầu cơ bản như lướt web, xem phim hay chơi một số các tựa game nhẹ.\r\nThiết kế tràn viền của máy tính bảng Huawei MatePad T8\r\nMáy có bộ nhớ trong 32 GB, tuy bộ nhớ không quá nhiều nhưng vẫn đủ để bạn có thể lưu trữ hay tải nhiều ứng dụng. Nếu bạn muốn có thêm không gian lưu trữ thì máy vẫn có hỗ trợ thẻ nhớ ngoài Micro SD dung lượng 512 GB, giúp bạn không phải lo lắng về khả năng lưu trữ của máy.', 0, '2021-11-08 11:00:26'),
(58, 'Tai nghe Bluetooth Galaxy 1 Pro Bạc', 2, 4, 4990000, 'bluetooth-true-wireless-galaxy-buds-pro-bac-ava-600x600.jpg', 'Tai nghe Bluetooth True Wireless Samsung Buds Pro sở hữu vẻ ngoài đẹp mắt thời thượng với hai màu đen và trắng. Thiết kế mới trên hình dạng tai nghe cổ điển, có khả năng làm giảm bớt sự khó chịu khi sử dụng tai nghe trong nhiều giờ và tai nghe cũng nằm chắc chắn phía trong tai khi bạn tập luyện hay vận động. Đồng thời, các lỗ thoát khí giúp cân bằng áp suất trong tai và tăng lưu lượng không khí, tạo cảm giác mềm mại dễ chịu khi sử dụng.\r\nTai nghe có thiết kế nhỏ gọn nên bạn dễ dàng bỏ vào túi xách, balo và mang theo bên mình di chuyển mọi nơi. Ngoài ra, có kèm theo núm tai nghe với ba kích thước cho người dùng dễ thay đổi sao cho phù hợp.\r\nTai nghe Bluetooth True Wireless Galaxy Buds Pro Bạc - Thiết kế\r\nHộp sạc gọn đẹp, phía bên trong tích hợp nam châm giữ củ tai an toàn, hạn chế thất lạc.', 1, '2021-11-07 13:31:09'),
(59, 'Điện thoại iPhone 13 Pro Max 1TB', 1, 1, 48490000, 'iphone-13-pro-max-silver-600x600.jpg', 'Được trang bị con chip Apple A15 Bionic mang sức mạnh xử lý vượt trội, được đánh giá là dòng chip dẫn đầu thị trường thời điểm hiện đại về hiệu năng, mang đến tốc độ CPU gia tăng 40%, sức mạnh đồ họa nhảy vọt đến 80% so với thế hệ chipset tiền nhiệm, trong khi mang lại hiệu quả tiết giảm năng lượng tiêu thụ 15%, tạo vị thế dẫn đầu cho các phiên bản iPhone 13 so với các đối thủ trong cùng phân khúc.\r\nChip Apple A15 Bionic mạnh mẽ - iPhone 13 Pro 1TB\r\nBộ vi xử lý vượt trội kết hợp cùng bộ nhớ RAM 6 GB tạo khả năng đa nhiệm ấn tượng cho điện thoại thông minh, dễ dàng sử dụng nhiều tác vụ cùng lúc mà không bị giật lag, đứng máy, trơn tru ngay cả khi chiến các tựa game mobile có mức setting cao hiện hành, để mọi trải nghiệm giải trí đều hoàn hảo, tạo sự thích thú đến bất ngờ cho người dùng.\r\nĐặc biệt, phiên bản iPhone này có bộ nhớ lên đến 1 TB, tạo không gian lưu trữ khủng cho kho hình ảnh, video cá nhân, thỏa sức sáng tạo và lưu trữ mà không lo tình trạng quá tải bộ nhớ.', 1, '2021-11-07 05:52:24'),
(60, 'Điện thoại OPPO Reno6 Pro 5G', 4, 1, 18490000, 'oppo-reno6-pro-blue-1-600x600.jpg', 'OPPO Reno6 Pro 5G - một sản phẩm thuộc dòng Reno6 của OPPO, thỏa mãn những gì người tiêu dùng đã trông đợi với cấu hình khủng cùng hệ thống camera cực ấn tượng và ngoại hình bắt mắt, thật hào hứng mong chờ để được trải nghiệm. Hiệu năng cực mạnh mẽ với Snapdragon 870 Reno6 Pro 5G trang bị bộ vi xử lý mạnh mẽ Snapdragon 870 đến từ Qualcomm, đạt tốc độ xử lý cao trên xung nhịp lên đến 3.2 GHz, hiệu suất CPU tăng lên 12% và GPU 10% so với thế hệ chipset tiền nhiệm, mang đến trải nghiệm ấn tượng trên từng tác vụ giải trí lẫn công việc. Đồng thời, Snapdragon 870 cũng tỏa nhiệt ít hơn so với Snapdragon 888 nên bạn sẽ cảm thấy điện thoại trong tình trạng mát mẻ hơn khi dùng lâu. Bộ vi xử lý mạnh mẽ Snapdragon 870 - OPPO Reno6 Pro Đi theo chipset mạnh mẽ là bộ nhớ RAM 12 GB gia tăng độ mượt và sự ổn định khi sử dụng giữa các tác vụ được mở, cùng dung lượng 256 GB bộ nhớ trong thoải mái lưu trữ các tựa game yêu thích và tạo kho ảnh chụp, video của riêng bạn. Với cấu hình này, thật đơn giản để chiến các tựa game mobile đình đám như Liên Quân Mobile, PUBG Mobile,... hay thử trải nghiệm các ứng dụng chỉnh sửa ảnh chuyên nghiệp trên smartphone của bạn. Khả năng đồ họa mượt mà - OPPO Reno6 Pro Điện thoại thông minh hỗ trợ 5G, công nghệ kết nối siêu tốc cho Reno6 khả năng đăng tải, load thông tin, hình ảnh, video,...', 1, '2021-11-07 06:33:13'),
(84, 'nhom4', 18, 4, 20000000, 'congly.jpg', 'hai', 1, '2021-12-24 00:42:02');

-- --------------------------------------------------------

--
-- Cấu trúc bảng cho bảng `protypes`
--

DROP TABLE IF EXISTS `protypes`;
CREATE TABLE IF NOT EXISTS `protypes` (
  `type_id` int(11) NOT NULL AUTO_INCREMENT,
  `type_name` varchar(150) COLLATE utf8_unicode_ci DEFAULT NULL,
  PRIMARY KEY (`type_id`)
) ENGINE=MyISAM AUTO_INCREMENT=20 DEFAULT CHARSET=utf8 COLLATE=utf8_unicode_ci;

--
-- Đang đổ dữ liệu cho bảng `protypes`
--

INSERT INTO `protypes` (`type_id`, `type_name`) VALUES
(1, 'Điện Thoại'),
(2, 'Laptop'),
(3, 'Tablet'),
(4, 'Tai nghe'),
(5, 'Đồng hồ thông minh');

-- --------------------------------------------------------

--
-- Cấu trúc bảng cho bảng `user`
--

DROP TABLE IF EXISTS `user`;
CREATE TABLE IF NOT EXISTS `user` (
  `User_id` int(11) NOT NULL AUTO_INCREMENT,
  `Name` varchar(50) COLLATE utf8_unicode_ci NOT NULL,
  `Username` varchar(50) COLLATE utf8_unicode_ci NOT NULL,
  `Password` varchar(250) COLLATE utf8_unicode_ci NOT NULL,
  `Email` varchar(50) COLLATE utf8_unicode_ci NOT NULL,
  `SDT` char(11) COLLATE utf8_unicode_ci NOT NULL,
  PRIMARY KEY (`User_id`)
) ENGINE=MyISAM AUTO_INCREMENT=38 DEFAULT CHARSET=utf8 COLLATE=utf8_unicode_ci;

--
-- Đang đổ dữ liệu cho bảng `user`
--

INSERT INTO `user` (`User_id`, `Name`, `Username`, `Password`, `Email`, `SDT`) VALUES
(1, 'Nguyễn Ngọc Hải', 'NgocHai', '70a0f9894d2df18c2507d231a94caee8', 'Hai@gmail.com', '0396542794'),
(2, 'Nguyễn Phương Trường', 'PhuongTruong', '32e8512c007faaf409e0845a6f6a980d', 'Truong@gmail.com', '0325678769'),
(3, 'Trần Ngọc Hoàng Oanh', 'HoangOanh', '2dc898c3898e01919f2d95b65179be80', 'Oanh@gmail.com', '0346542619'),
(37, 'Nguyễn Phương Trường', 'nhom4', '190dda4dc514d711878b56d7be0b4570', 'Truong@gmail.com', '0329852456');
COMMIT;

/*!40101 SET CHARACTER_SET_CLIENT=@OLD_CHARACTER_SET_CLIENT */;
/*!40101 SET CHARACTER_SET_RESULTS=@OLD_CHARACTER_SET_RESULTS */;
/*!40101 SET COLLATION_CONNECTION=@OLD_COLLATION_CONNECTION */;
